wos_analysis_entity;wos_delivering_entity;wos_reporting_date;wos_cms_contract_number;wos_source_system;wos_bevis_id;wos_net_rv_loss_amount;wos_loss_date;wos_write_off_date;wos_reposession_date;wos_remarketing_date;wos_remarketing_proceeds;wos_portfolio;wos_currency;wos_recovery_amount;wos_last_recovery_date;wos_net_loss_amount;wos_abs_code;wos_cal_periodnetcreditloss_amount;wos_drv_alm_flag;wos_drv_risk_flag;MGT_InsertTime;MGT_UpdateTime
XY;50;2024-09-30;a51d9ef16xy1d9ef16a2z;SYS;3250;;2017-08-31;2017-08-31;;;0.0;EARLY_SETTLEMENT;EUR;0.0;;40.22;;40.22;N;N;2025-05-14 12:09:26.976003;2025-05-14 12:09:26.976003
XY;50;2024-10-31;ad5dca791xy5dca7911cz;SYS;708;;2019-01-22;2018-10-15;;;;;EUR;537.35;2019-01-22;0.0;;0.0;N;N;2025-04-24 17:16:36.457149;2025-04-24 17:16:36.457149
XY;50;2024-10-31;a63846d3bxy3846d3b4dz;SYS;708;;2017-09-18;2016-02-24;;2016-05-17;19308.2;;EUR;21000.0;2016-05-17;982.85;;0.0;N;N;2025-04-24 17:16:36.457149;2025-04-24 17:16:36.457149
XY;50;2024-10-31;aab2c811fxyb2c811f25z;SYS;708;;2018-12-12;2017-02-03;;;;;EUR;1710.61;2018-12-12;0.0;;0.0;N;N;2025-04-24 17:16:36.457149;2025-04-24 17:16:36.457149
XY;50;2024-10-31;aa121427bxy121427bafz;SYS;708;;2016-09-26;2016-05-31;;2016-07-15;21969.8;;EUR;22455.72;2016-09-26;0.0;;0.0;N;N;2025-04-24 17:16:36.457149;2025-04-24 17:16:36.457149
XY;50;2024-10-31;ab78f1a28xy78f1a2877z;SYS;708;;2020-07-07;2020-05-18;;;;;EUR;7123.9;2020-07-07;0.0;;0.0;N;N;2025-04-24 17:16:36.457149;2025-04-24 17:16:36.457149
XY;50;2024-10-31;ae44d56f1xy44d56f11fz;SYS;708;;2021-10-31;2021-05-27;;;;;EUR;18768.02;2021-10-31;26910.56;;0.0;N;N;2025-04-24 17:16:36.457149;2025-04-24 17:16:36.457149
XY;50;2024-10-31;ab02557cdxy02557cd02z;SYS;708;;2017-03-23;2016-03-01;;2016-03-02;34030.0;;EUR;34573.75;2017-03-23;0.0;;0.0;N;N;2025-04-24 17:16:36.457149;2025-04-24 17:16:36.457149
XY;50;2024-10-31;a872445c2xy72445c27ez;SYS;3279;0.0;2023-10-18;2023-10-18;;;;;EUR;0.0;;0.4;;0.0;N;N;2025-04-23 13:47:00.001639;2025-04-23 13:47:00.001639
XY;50;2024-10-31;a2ede6c0exyede6c0ea0z;SYS;708;;2019-03-27;2018-02-19;2018-02-16;2018-04-30;16737.3;;EUR;19551.33;2019-03-27;12393.18;;0.0;N;N;2025-04-24 17:16:36.457149;2025-04-24 17:16:36.457149
XY;50;2024-10-31;a128f3cdfxy28f3cdfe0z;SYS;708;;2021-01-19;2020-01-14;;;;;EUR;93.85;2021-01-19;8.53;;0.0;N;N;2025-04-24 17:16:36.457149;2025-04-24 17:16:36.457149
XY;50;2024-10-31;a0da08833xyda08833d5z;SYS;708;;2023-06-28;2023-06-26;;;;;EUR;;;860.6;;0.0;N;N;2025-04-24 17:16:36.457149;2025-04-24 17:16:36.457149
XY;50;2024-10-31;a9fec0cafxyfec0caf5dz;SYS;708;;2004-01-31;1998-06-01;;;;;EUR;;;1094.23;;0.0;N;N;2025-04-24 17:16:36.457149;2025-04-24 17:16:36.457149
XY;50;2024-10-31;ad2b11232xy2b11232b2z;SYS;8204;;2023-05-31;2023-05-31;;;;;EUR;0.0;;30356.75;;30356.75;N;N;2025-04-30 08:18:15.017003;2025-04-30 08:18:15.017003
XY;50;2024-10-31;a6413c7b3xy413c7b384z;SYS;708;;2019-11-17;2019-08-30;;;;;EUR;1395.24;2019-11-17;0.0;;0.0;N;N;2025-04-24 17:16:36.457149;2025-04-24 17:16:36.457149
XY;50;2024-10-31;acac5d24exyac5d24ef1z;SYS;708;;2022-07-18;2022-05-09;;;;;EUR;24.09;2022-07-18;0.0;;0.0;N;N;2025-04-24 17:16:36.457149;2025-04-24 17:16:36.457149
XY;50;2025-04-30;a5f12760axyf12760a02z;SYS;2287;;2013-07-22;2013-07-22;2013-06-14;2013-07-17;128000.0;TOTAL;EUR;0.0;;25662.1;;0.0;N;N;2025-05-15 08:36:24.621918;2025-05-15 08:36:24.621918
XY;50;2024-10-31;a795071caxy95071ca90z;SYS;708;;2018-09-09;2017-07-24;;;;;EUR;1016.84;2018-09-09;0.0;;0.0;N;N;2025-04-24 17:16:36.457149;2025-04-24 17:16:36.457149
XY;50;2024-10-31;a6346366exy346366e87z;SYS;708;;2019-01-10;2018-06-15;2018-06-14;2018-11-14;11455.0;;EUR;12466.49;2019-01-10;15084.21;;0.0;N;N;2025-04-24 17:16:36.457149;2025-04-24 17:16:36.457149
XY;50;2024-10-31;a4004693axy004693a21z;SYS;708;;2021-04-05;2020-12-28;;;;;EUR;-1046.82;2021-04-05;0.0;;0.0;N;N;2025-04-24 17:16:36.457149;2025-04-24 17:16:36.457149
XY;50;2024-10-31;a63e7fe31xy3e7fe31b8z;SYS;708;;2016-03-31;2014-10-03;;2014-10-20;21795.0;;EUR;25014.07;2015-09-30;1307.88;;0.0;N;N;2025-04-24 17:16:36.457149;2025-04-24 17:16:36.457149
XY;50;2024-10-31;a3f566b11xyf566b119cz;SYS;708;;2021-08-08;2021-06-09;;;;;EUR;;;501.39;;0.0;N;N;2025-04-24 17:16:36.457149;2025-04-24 17:16:36.457149
XY;50;2024-10-31;a6dc4305bxydc4305b15z;SYS;708;;2019-12-30;2019-08-16;2019-10-18;2019-12-30;17151.0;;EUR;17151.0;2019-12-30;8827.89;;0.0;N;N;2025-04-24 17:16:36.457149;2025-04-24 17:16:36.457149
XY;50;2024-10-31;ac868aecfxy868aecf40z;SYS;709;0.0;2014-01-23;2014-01-23;;2014-02-20;58250.0;;EUR;58250.0;2014-02-20;13.84;;0.0;N;N;2025-04-23 13:47:00.001639;2025-04-23 13:47:00.001639
XY;50;2024-09-30;a5de3b425xyde3b42560z;SYS;3250;;2023-03-30;2023-03-30;2023-03-15;2023-03-30;1178721.0;HOSTILE;EUR;0.0;;800592.01;;800592.01;N;N;2025-05-14 12:09:26.976003;2025-05-14 12:09:26.976003
XY;50;2024-09-30;aaac0c948xyac0c94812z;SYS;3250;;2018-01-31;2018-01-31;;;0.0;EARLY_SETTLEMENT;EUR;0.0;;520.92;;520.92;N;N;2025-05-14 12:09:26.976003;2025-05-14 12:09:26.976003
XY;50;2024-10-31;adf4b0fc7xyf4b0fc7eez;SYS;708;;2017-10-05;2017-02-24;;;;;EUR;310.82;2017-10-05;222.3;;0.0;N;N;2025-04-24 17:16:36.457149;2025-04-24 17:16:36.457149
XY;50;2025-04-30;a562ce91fxy62ce91f96z;SYS;2287;;2014-06-24;2009-03-23;2008-12-15;2009-02-07;48181.82;TOTAL;EUR;21450.83;2014-06-24;28079.84;;0.0;N;N;2025-05-15 08:36:24.621918;2025-05-15 08:36:24.621918
XY;50;2024-10-31;abee12d2dxyee12d2d9fz;SYS;1042;;2011-06-16;2011-06-16;;;;TOTAL;EUR;;;3647.74;;0.0;N;N;2025-05-15 09:00:37.483636;2025-05-15 09:00:37.483636
XY;50;2024-10-31;a8d751a5bxyd751a5bfbz;SYS;708;;2017-02-27;2016-12-28;;;;;EUR;0.13;2017-02-27;0.0;;0.0;N;N;2025-04-24 17:16:36.457149;2025-04-24 17:16:36.457149
XY;50;2024-10-31;ae0530678xy0530678cdz;SYS;709;0.0;2015-03-10;2015-03-10;;;;;EUR;0.0;;-128.98;;0.0;N;N;2025-04-23 13:47:00.001639;2025-04-23 13:47:00.001639
XY;50;2024-10-31;ae809f667xy809f66720z;SYS;708;;2009-02-28;2009-02-17;2009-01-08;2009-02-17;27450.0;;EUR;27450.0;2009-02-17;14741.77;;0.0;N;N;2025-04-24 17:16:36.457149;2025-04-24 17:16:36.457149
XY;50;2024-10-31;ae39d2745xy39d2745b9z;SYS;708;;2024-06-05;2023-08-30;2023-09-13;2023-11-16;28774.59;;EUR;28970.64;2024-06-05;17762.53;;0.0;N;N;2025-04-24 17:16:36.457149;2025-04-24 17:16:36.457149
XY;50;2024-10-31;a78e4336cxy8e4336cc1z;SYS;1042;;2024-01-29;2024-01-29;;;;TOTAL;EUR;;;7.0;;0.0;N;N;2025-05-15 09:00:37.483636;2025-05-15 09:00:37.483636
XY;50;2024-10-31;ae52fb4c9xy52fb4c9b9z;SYS;708;;2023-03-06;2022-10-18;2022-10-09;2023-03-06;43727.53;;EUR;50287.28;2023-03-06;30671.28;;0.0;N;N;2025-04-24 17:16:36.457149;2025-04-24 17:16:36.457149
XY;50;2024-09-30;a4fd3c115xyfd3c11570z;SYS;3250;;2017-11-30;2017-11-30;;;0.0;EARLY_SETTLEMENT;EUR;0.0;;1759.77;;1759.77;N;N;2025-05-14 12:09:26.976003;2025-05-14 12:09:26.976003
XY;50;2024-10-31;afe90c547xye90c547f2z;SYS;708;;2024-05-29;;2024-04-26;2024-05-29;13290.0;;EUR;13290.0;2024-05-29;33175.59;;0.0;N;N;2025-04-24 17:16:36.457149;2025-04-24 17:16:36.457149
XY;50;2024-10-31;ad90b9fafxy90b9faf3cz;SYS;708;;2022-07-26;2022-05-12;;;;;EUR;;;845.91;;0.0;N;N;2025-04-24 17:16:36.457149;2025-04-24 17:16:36.457149
XY;50;2024-10-31;a56326ee7xy6326ee768z;SYS;708;;2024-01-22;2024-01-22;;;;;EUR;;;100363.49;;0.0;N;N;2025-04-24 17:16:36.457149;2025-04-24 17:16:36.457149
XY;50;2024-10-31;ae4f40f84xy4f40f849az;SYS;708;;2024-10-31;2024-10-31;;;;;EUR;;;58976.28;;58976.28;N;N;2025-04-24 17:16:36.457149;2025-04-24 17:16:36.457149
XY;50;2024-10-31;ad50b2963xy50b2963e2z;SYS;708;;2020-09-14;2020-02-19;;;;;EUR;;;96.95;;0.0;N;N;2025-04-24 17:16:36.457149;2025-04-24 17:16:36.457149
XY;50;2024-10-31;a949675b1xy49675b1e4z;SYS;708;;2023-07-28;2023-07-28;2023-07-28;2023-10-16;24283.16;;EUR;27033.16;2023-10-16;13576.53;;-205.0;N;N;2025-04-24 17:16:36.457149;2025-04-24 17:16:36.457149
XY;50;2024-10-31;ad8bc8ec8xy8bc8ec8f7z;SYS;708;;2008-12-31;2008-08-31;2008-07-14;2008-08-31;67472.5;;EUR;67985.69;2008-12-31;22820.22;;0.0;N;N;2025-04-24 17:16:36.457149;2025-04-24 17:16:36.457149
XY;50;2024-10-31;af2b89edaxy2b89eda42z;SYS;708;;2017-02-27;2016-07-25;;;;;EUR;241.86;2017-02-27;0.0;;0.0;N;N;2025-04-24 17:16:36.457149;2025-04-24 17:16:36.457149
XY;50;2024-10-31;aaa9c91a3xya9c91a358z;SYS;708;;2024-05-12;2024-03-11;;;;;EUR;;;2054.1;;0.0;N;N;2025-04-24 17:16:36.457149;2025-04-24 17:16:36.457149
XY;50;2024-10-31;a1feddeaexyfeddeae1fz;SYS;708;;2024-01-10;2023-11-30;;;;;EUR;1145.35;2024-01-10;0.0;;0.0;N;N;2025-04-24 17:16:36.457149;2025-04-24 17:16:36.457149
XY;50;2024-10-31;ae62f9aedxy62f9aed9ez;SYS;708;;2016-04-28;2016-04-13;;2016-04-20;44418.0;;EUR;44418.0;2016-04-20;731.33;;0.0;N;N;2025-04-24 17:16:36.457149;2025-04-24 17:16:36.457149
XY;50;2024-10-31;ae39ebf05xy39ebf05cez;SYS;708;;2022-12-05;;;;;;EUR;;;0.0;;0.0;N;N;2025-04-24 17:16:36.457149;2025-04-24 17:16:36.457149
XY;50;2025-04-30;a6b212291xyb21229164z;SYS;2287;;2010-05-18;2010-05-18;;;0.0;TOTAL;EUR;0.0;;85.48;;0.0;N;N;2025-05-15 08:36:24.621918;2025-05-15 08:36:24.621918
XY;50;2024-10-31;adf826b59xyf826b59a6z;SYS;708;;2016-06-06;2015-09-01;;2015-09-01;26030.0;;EUR;26030.0;2015-09-01;107.1;;0.0;N;N;2025-04-24 17:16:36.457149;2025-04-24 17:16:36.457149
XY;50;2024-10-31;a83a7e89fxy3a7e89f7ez;SYS;708;;2012-08-17;2012-08-17;;;;;EUR;;;37597.68;;0.0;N;N;2025-04-24 17:16:36.457149;2025-04-24 17:16:36.457149
XY;50;2024-10-31;ab90fee97xy90fee97a2z;SYS;708;;2009-05-31;2009-05-06;2009-03-11;2009-05-06;25179.72;;EUR;25179.72;2009-05-06;13427.02;;0.0;N;N;2025-04-24 17:16:36.457149;2025-04-24 17:16:36.457149
XY;50;2024-10-31;a30e759c9xy0e759c9b1z;SYS;708;;2018-09-12;2018-07-09;2018-07-07;2018-09-12;16601.0;;EUR;16601.0;2018-09-12;4617.68;;0.0;N;N;2025-04-24 17:16:36.457149;2025-04-24 17:16:36.457149
XY;50;2024-10-31;a66140705xy614070584z;SYS;708;;2020-11-22;2016-03-04;;2016-05-06;22673.0;;EUR;35822.96;2020-11-22;-11974.75;;0.0;N;N;2025-04-24 17:16:36.457149;2025-04-24 17:16:36.457149
XY;50;2024-10-31;a99d4b394xy9d4b394a2z;SYS;708;;2020-10-22;2020-05-13;;;;;EUR;971.24;2020-10-22;0.0;;0.0;N;N;2025-04-24 17:16:36.457149;2025-04-24 17:16:36.457149
XY;50;2024-10-31;a162a1c66xy62a1c6681z;SYS;708;;2023-07-04;2023-07-03;;;;;EUR;;;0.25;;0.0;N;N;2025-04-24 17:16:36.457149;2025-04-24 17:16:36.457149
XY;50;2024-10-31;af5c114aaxy5c114aa0ez;SYS;708;;2018-11-05;2018-09-06;;;;;EUR;;;464.73;;0.0;N;N;2025-04-24 17:16:36.457149;2025-04-24 17:16:36.457149
XY;50;2024-10-31;a0ec4a729xyec4a7293fz;SYS;708;;2018-11-08;2018-07-24;;;;;EUR;;;485.44;;0.0;N;N;2025-04-24 17:16:36.457149;2025-04-24 17:16:36.457149
XY;50;2024-10-31;a2e7dbc51xye7dbc511az;SYS;3279;0.0;2024-04-01;2024-04-01;;;;;EUR;0.0;;0.1;;0.0;N;N;2025-04-23 13:47:00.001639;2025-04-23 13:47:00.001639
XY;50;2024-10-31;a1509f61dxy509f61d82z;SYS;708;;2024-09-23;2022-05-11;;;;;EUR;0.0;;10097.6;;0.0;N;N;2025-04-24 17:16:36.457149;2025-04-24 17:16:36.457149
XY;50;2024-10-31;a16623faaxy6623faa4dz;SYS;708;;2018-03-05;2017-12-22;;;;;EUR;548.99;2018-03-05;0.0;;0.0;N;N;2025-04-24 17:16:36.457149;2025-04-24 17:16:36.457149
XY;50;2024-10-31;a420d6b49xy20d6b49bdz;SYS;708;;2018-01-24;2017-07-17;;;;;EUR;950.62;2018-01-24;0.0;;0.0;N;N;2025-04-24 17:16:36.457149;2025-04-24 17:16:36.457149
XY;50;2024-10-31;a1e1005cbxye1005cbfez;SYS;708;;2024-03-20;2024-03-20;;;;;EUR;;;-25.0;;0.0;N;N;2025-04-24 17:16:36.457149;2025-04-24 17:16:36.457149
XY;50;2024-10-31;a60e045dcxy0e045dcc1z;SYS;708;;2020-08-24;2019-11-22;;;;;EUR;139.04;2020-08-24;0.0;;0.0;N;N;2025-04-24 17:16:36.457149;2025-04-24 17:16:36.457149
XY;50;2024-10-31;a564722dcxy64722dc2az;SYS;708;;2024-04-22;2024-04-18;;;;;EUR;;;906.46;;0.0;N;N;2025-04-24 17:16:36.457149;2025-04-24 17:16:36.457149
XY;50;2024-10-31;a4b3073a3xyb3073a328z;SYS;3279;0.0;2024-09-13;2024-09-13;;;;;EUR;0.0;;0.15;;0.0;N;N;2025-04-23 13:47:00.001639;2025-04-23 13:47:00.001639
XY;50;2025-04-30;a661a6ca4xy61a6ca449z;SYS;2287;;2024-10-24;2024-10-24;2024-08-02;2024-10-15;27800.0;TOTAL;EUR;0.0;;24022.7;;0.0;N;N;2025-05-15 08:36:24.621918;2025-05-15 08:36:24.621918
XY;50;2024-10-31;ae0dbf5bexy0dbf5be3cz;SYS;708;;2016-01-25;2013-08-22;;2013-10-18;29725.0;;EUR;30385.46;2016-01-25;165.11;;0.0;N;N;2025-04-24 17:16:36.457149;2025-04-24 17:16:36.457149
XY;50;2025-04-30;a6930621fxy930621fbbz;SYS;2287;;2025-01-21;2025-01-21;;;0.0;TOTAL;EUR;0.0;;9.01;;0.0;N;N;2025-05-15 08:36:24.621918;2025-05-15 08:36:24.621918
XY;50;2024-10-31;a4e1f4bf0xye1f4bf0f0z;SYS;708;;2019-02-26;2018-01-05;2018-01-04;2018-02-16;16230.0;;EUR;17199.23;2019-02-26;1333.83;;0.0;N;N;2025-04-24 17:16:36.457149;2025-04-24 17:16:36.457149
XY;50;2024-10-31;a29daed9dxy9daed9d35z;SYS;708;;2018-03-22;2018-01-17;2018-01-17;;;;EUR;74.79;2018-03-22;16331.37;;0.0;N;N;2025-04-24 17:16:36.457149;2025-04-24 17:16:36.457149
XY;50;2024-10-31;a6f24cd4dxyf24cd4d7bz;SYS;708;;2024-07-21;2024-06-28;2024-06-21;;;;EUR;0.0;2024-07-21;0.0;;0.0;N;N;2025-04-24 17:16:36.457149;2025-04-24 17:16:36.457149
XY;50;2024-09-30;a850f07f1xy50f07f124z;SYS;3250;;2023-07-31;2023-07-31;;;0.0;EARLY_SETTLEMENT;EUR;0.0;;2205487.6;;2205487.6;N;N;2025-05-14 12:09:26.976003;2025-05-14 12:09:26.976003
XY;50;2024-10-31;acbb11486xybb11486cdz;SYS;708;;2011-09-29;2011-05-18;;2011-09-29;39224.9;;EUR;39224.9;2011-09-29;8032.57;;0.0;N;N;2025-04-24 17:16:36.457149;2025-04-24 17:16:36.457149
XY;50;2024-10-31;ac19f2d8axy19f2d8a53z;SYS;708;;2022-05-11;2022-02-23;;;;;EUR;2567.64;2022-05-11;0.0;;0.0;N;N;2025-04-24 17:16:36.457149;2025-04-24 17:16:36.457149
XY;50;2024-09-30;a5b0aa6c5xyb0aa6c51az;SYS;3250;;2024-01-29;2022-10-31;;;0.0;EARLY_SETTLEMENT;EUR;3451000.0;2024-01-29;1674035.4;;1674035.4;N;N;2025-05-14 12:09:26.976003;2025-05-14 12:09:26.976003
XY;50;2024-10-31;ab812d760xy812d7608ez;SYS;708;;2020-11-02;2020-09-14;;;;;EUR;;;2677.83;;0.0;N;N;2025-04-24 17:16:36.457149;2025-04-24 17:16:36.457149
XY;50;2024-10-31;a5fe9b8b2xyfe9b8b2cbz;SYS;708;;2019-12-05;2018-05-29;;;;;EUR;897.68;2019-02-11;306.3;;0.0;N;N;2025-04-24 17:16:36.457149;2025-04-24 17:16:36.457149
XY;50;2024-09-30;aba87b04exya87b04e9cz;SYS;3250;;2020-08-31;2020-08-31;;;0.0;REGULAR;EUR;1621.22;2020-08-31;0.0;;0.0;N;N;2025-05-14 12:09:26.976003;2025-05-14 12:09:26.976003
XY;50;2024-10-31;a443f8b53xy43f8b5339z;SYS;708;;2024-02-04;2023-04-25;2023-05-09;2023-09-05;68938.1;;EUR;74167.92;2024-02-04;50885.06;;0.0;N;N;2025-04-24 17:16:36.457149;2025-04-24 17:16:36.457149
XY;50;2024-10-31;a197adc74xy97adc746cz;SYS;708;;2017-12-05;2017-05-01;;;;;EUR;536.92;2017-12-05;0.0;;0.0;N;N;2025-04-24 17:16:36.457149;2025-04-24 17:16:36.457149
XY;50;2024-10-31;a70a6cf72xy0a6cf72cbz;SYS;709;0.0;2009-07-31;2009-07-31;;2009-07-24;16300.0;;EUR;0.0;;43.06;;0.0;N;N;2025-04-23 13:47:00.001639;2025-04-23 13:47:00.001639
XY;50;2024-10-31;aef6093f0xyf6093f0c9z;SYS;708;;2023-07-17;2023-07-17;;;;;EUR;;;0.98;;0.0;N;N;2025-04-24 17:16:36.457149;2025-04-24 17:16:36.457149
XY;50;2025-04-30;a6db0182fxydb0182fc9z;SYS;2287;;2024-12-10;2024-12-10;;;0.0;TOTAL;EUR;0.0;;104.59;;0.0;N;N;2025-05-15 08:36:24.621918;2025-05-15 08:36:24.621918
XY;50;2024-10-31;acb9559d9xyb9559d901z;SYS;708;;2024-08-21;2024-08-21;;;;;EUR;;;411.27;;411.27;N;N;2025-04-24 17:16:36.457149;2025-04-24 17:16:36.457149
XY;50;2025-04-30;aaac94a0axyac94a0adez;SYS;2287;;2018-02-13;2018-01-18;2017-10-30;2018-01-18;37000.0;TOTAL;EUR;726.31;2018-02-13;25440.17;;0.0;N;N;2025-05-15 08:36:24.621918;2025-05-15 08:36:24.621918
XY;50;2024-10-31;a8c4bbe6axyc4bbe6ae5z;SYS;708;;2023-04-05;2020-05-08;;;;;EUR;581.42;2023-04-05;0.01;;0.0;N;N;2025-04-24 17:16:36.457149;2025-04-24 17:16:36.457149
XY;50;2024-10-31;a023f87edxy23f87ede3z;SYS;708;;2017-10-09;2017-07-19;;;;;EUR;5596.0;2017-10-09;0.0;;0.0;N;N;2025-04-24 17:16:36.457149;2025-04-24 17:16:36.457149
XY;50;2024-10-31;a91225070xy12250702dz;SYS;8204;;2019-09-09;2019-09-09;2018-12-18;2019-04-04;23700.0;;EUR;0.0;;323.78;;323.78;N;N;2025-04-30 08:18:15.017003;2025-04-30 08:18:15.017003
XY;50;2024-10-31;af5f7ba20xy5f7ba20c9z;SYS;708;;2019-01-01;2018-11-08;;;;;EUR;;;909.08;;0.0;N;N;2025-04-24 17:16:36.457149;2025-04-24 17:16:36.457149
XY;50;2024-10-31;a35103dadxy5103dad47z;SYS;708;;2019-10-27;2019-08-27;;;;;EUR;;;0.54;;0.0;N;N;2025-04-24 17:16:36.457149;2025-04-24 17:16:36.457149
XY;50;2025-04-30;a89064a77xy9064a774az;SYS;2287;;2010-12-30;2010-12-30;;;0.0;TOTAL;EUR;0.0;;47.64;;0.0;N;N;2025-05-15 08:36:24.621918;2025-05-15 08:36:24.621918
XY;50;2024-10-31;a5d537413xyd53741306z;SYS;708;;2019-08-08;2019-01-07;;;;;EUR;938.75;2019-08-08;1418.72;;0.0;N;N;2025-04-24 17:16:36.457149;2025-04-24 17:16:36.457149
XY;50;2024-10-31;a2a416318xya416318ddz;SYS;708;;2022-02-16;2022-02-16;;;;;EUR;;;15.99;;0.0;N;N;2025-04-24 17:16:36.457149;2025-04-24 17:16:36.457149
XY;50;2024-10-31;ac263c000xy263c0008ez;SYS;1042;;2022-09-28;2022-09-28;;;;TOTAL;EUR;;;7.1;;0.0;N;N;2025-05-15 09:00:37.483636;2025-05-15 09:00:37.483636
XY;50;2024-10-31;af471fae9xy471fae914z;SYS;708;;2023-05-07;2019-11-20;2019-11-18;2020-01-13;8945.28;;EUR;18168.29;2022-11-21;2906.85;;0.0;N;N;2025-04-24 17:16:36.457149;2025-04-24 17:16:36.457149
XY;50;2024-10-31;af1814e73xy1814e7379z;SYS;708;;2023-05-14;2023-01-06;2022-12-23;2023-05-12;26751.8;;EUR;30136.72;2023-05-12;13881.86;;0.0;N;N;2025-04-24 17:16:36.457149;2025-04-24 17:16:36.457149
XY;50;2024-10-31;a5b95b872xyb95b87242z;SYS;708;;2012-03-13;2012-01-12;;2012-03-13;23151.1;;EUR;23151.1;2012-03-13;498.81;;0.0;N;N;2025-04-24 17:16:36.457149;2025-04-24 17:16:36.457149
XY;50;2024-10-31;a74d50d88xy4d50d8822z;SYS;708;;2024-03-17;2023-11-27;2024-01-22;2024-03-15;28273.0;;EUR;28271.01;2024-03-17;7553.39;;0.0;N;N;2025-04-24 17:16:36.457149;2025-04-24 17:16:36.457149
XY;50;2024-10-31;a8c67cef3xyc67cef3e6z;SYS;708;;2018-01-30;2017-12-07;;;;;EUR;589.03;2018-01-30;-1.76;;0.0;N;N;2025-04-24 17:16:36.457149;2025-04-24 17:16:36.457149
XY;50;2024-10-31;a2d8d1662xyd8d16622fz;SYS;708;;2021-03-09;2021-02-08;;;;;EUR;;;0.0;;0.0;N;N;2025-04-24 17:16:36.457149;2025-04-24 17:16:36.457149
XY;50;2024-10-31;a3b9d4a71xyb9d4a718bz;SYS;708;;2008-11-13;2008-10-15;;2008-11-13;41298.0;;EUR;41298.0;2008-11-13;5939.36;;0.0;N;N;2025-04-24 17:16:36.457149;2025-04-24 17:16:36.457149
XY;50;2024-10-31;a44ead462xy4ead4629bz;SYS;708;;2024-05-30;2024-05-30;2024-07-08;2024-10-21;38372.85;;EUR;38479.29;2024-10-24;12318.64;;6194.63;N;N;2025-04-24 17:16:36.457149;2025-04-24 17:16:36.457149
XY;50;2024-10-31;a037c6dd1xy37c6dd10az;SYS;708;;2009-10-31;2009-03-19;2009-01-28;2009-03-19;26931.5;;EUR;28250.16;2009-10-31;13822.21;;0.0;N;N;2025-04-24 17:16:36.457149;2025-04-24 17:16:36.457149
XY;50;2024-10-31;af56c3182xy56c318227z;SYS;708;;2017-09-17;2017-03-09;;;;;EUR;;;0.0;;0.0;N;N;2025-04-24 17:16:36.457149;2025-04-24 17:16:36.457149
XY;50;2024-10-31;a2e3968e8xye3968e809z;SYS;709;0.0;2014-10-16;2014-10-16;;2014-09-05;28100.0;;EUR;0.0;;52.01;;0.0;N;N;2025-04-23 13:47:00.001639;2025-04-23 13:47:00.001639
XY;50;2025-04-30;a48655d8axy8655d8a1cz;SYS;2287;;2022-11-14;2022-11-14;;;0.0;TOTAL;EUR;0.0;;50.0;;0.0;N;N;2025-05-15 08:36:24.621918;2025-05-15 08:36:24.621918
XY;50;2024-09-30;aacca9f55xycca9f557az;SYS;3250;;2017-05-31;2017-05-31;;;0.0;EARLY_SETTLEMENT;EUR;0.0;;3358.27;;3358.27;N;N;2025-05-14 12:09:26.976003;2025-05-14 12:09:26.976003
XY;50;2024-10-31;ae8ab883exy8ab883e13z;SYS;708;;2020-11-24;2020-09-29;;;;;EUR;;;450.0;;0.0;N;N;2025-04-24 17:16:36.457149;2025-04-24 17:16:36.457149
XY;50;2024-10-31;a9d8a5ebaxyd8a5ebaa0z;SYS;8204;;2015-03-04;2014-10-28;;2014-09-30;3900.0;;EUR;-908.86;2015-03-04;-234.0;;-234.0;N;N;2025-04-30 08:18:15.017003;2025-04-30 08:18:15.017003
XY;50;2024-09-30;ac7ecd382xy7ecd382c0z;SYS;3250;;2020-10-31;2020-10-31;;;0.0;EARLY_SETTLEMENT;EUR;2560.0;2020-10-31;9270.34;;9270.34;N;N;2025-05-14 12:09:26.976003;2025-05-14 12:09:26.976003
XY;50;2024-10-31;aa52fecf8xy52fecf8c6z;SYS;708;;2023-11-12;2023-09-11;;;;;EUR;;;2410.28;;0.0;N;N;2025-04-24 17:16:36.457149;2025-04-24 17:16:36.457149
XY;50;2024-10-31;ad1d7fe02xy1d7fe02c0z;SYS;708;;2011-07-05;2011-07-05;2011-05-20;2011-07-05;28572.0;;EUR;28572.0;2011-07-05;4763.7;;0.0;N;N;2025-04-24 17:16:36.457149;2025-04-24 17:16:36.457149
XY;50;2024-10-31;a23b5fbb0xy3b5fbb025z;SYS;708;;2018-12-26;2018-08-15;;;;;EUR;;;93.46;;0.0;N;N;2025-04-24 17:16:36.457149;2025-04-24 17:16:36.457149
XY;50;2024-10-31;a2e809ad0xye809ad049z;SYS;708;;2021-05-04;2019-07-24;;;;;EUR;809.55;2021-05-04;0.0;;0.0;N;N;2025-04-24 17:16:36.457149;2025-04-24 17:16:36.457149
XY;50;2024-10-31;a0ce8b0bbxyce8b0bbecz;SYS;708;;2024-07-29;2024-06-21;2024-06-06;2024-07-29;19329.68;;EUR;19329.68;2024-07-29;18853.97;;0.0;N;N;2025-04-24 17:16:36.457149;2025-04-24 17:16:36.457149
XY;50;2024-10-31;a1c561633xyc5616332ez;SYS;708;;2020-07-28;2020-04-23;;;;;EUR;650.0;2020-07-28;-300.0;;0.0;N;N;2025-04-24 17:16:36.457149;2025-04-24 17:16:36.457149
XY;50;2024-10-31;ac18011ddxy18011dd38z;SYS;708;;2019-08-08;2019-02-19;;;;;EUR;209.37;2019-08-08;0.0;;0.0;N;N;2025-04-24 17:16:36.457149;2025-04-24 17:16:36.457149
XY;50;2024-10-31;aaa4a5f54xya4a5f5448z;SYS;708;;2024-08-18;2024-06-07;2024-06-01;2024-08-16;13071.71;;EUR;13071.71;2024-08-16;27008.42;;0.0;N;N;2025-04-24 17:16:36.457149;2025-04-24 17:16:36.457149
XY;50;2024-10-31;a4b378540xyb378540ffz;SYS;708;;2017-08-22;2017-03-20;;;;;EUR;;;17.5;;0.0;N;N;2025-04-24 17:16:36.457149;2025-04-24 17:16:36.457149
XY;50;2024-10-31;adefa0421xyefa0421c7z;SYS;708;;2023-02-14;2022-12-02;;;;;EUR;7625.35;2023-02-14;0.0;;0.0;N;N;2025-04-24 17:16:36.457149;2025-04-24 17:16:36.457149
XY;50;2024-10-31;a94ae36e5xy4ae36e506z;SYS;708;;2020-07-28;2020-01-10;;;;;EUR;;;165.55;;0.0;N;N;2025-04-24 17:16:36.457149;2025-04-24 17:16:36.457149
XY;50;2024-10-31;ad73d2ba7xy73d2ba755z;SYS;708;;2022-03-15;2022-01-13;2022-01-10;2022-03-15;73126.5;;EUR;73187.49;2022-03-15;-2210.67;;0.0;N;N;2025-04-24 17:16:36.457149;2025-04-24 17:16:36.457149
XY;50;2024-10-31;a3ae8a9bcxyae8a9bc81z;SYS;708;;2019-03-21;2019-01-22;;;;;EUR;;;50.0;;0.0;N;N;2025-04-24 17:16:36.457149;2025-04-24 17:16:36.457149
XY;50;2025-04-30;ab5134b01xy5134b0119z;SYS;2287;;2014-06-24;2014-06-24;2014-03-17;2014-06-21;10681.82;TOTAL;EUR;0.0;;5940.58;;0.0;N;N;2025-05-15 08:36:24.621918;2025-05-15 08:36:24.621918
XY;50;2024-10-31;a38a3ad86xy8a3ad8606z;SYS;8204;;2014-10-16;2014-10-16;;2014-09-09;15520.0;;EUR;0.0;;241.73;;241.73;N;N;2025-04-30 08:18:15.017003;2025-04-30 08:18:15.017003
XY;50;2024-10-31;aa4d5a973xy4d5a97303z;SYS;708;;2019-04-07;2017-12-26;;;;;EUR;;;1164.69;;0.0;N;N;2025-04-24 17:16:36.457149;2025-04-24 17:16:36.457149
XY;50;2024-10-31;ae9616d14xy9616d143cz;SYS;1042;;2020-12-23;2020-03-05;2015-05-28;2015-06-25;17640.0;TOTAL;EUR;;;5275.72;;0.0;N;N;2025-05-15 09:00:37.483636;2025-05-15 09:00:37.483636
XY;50;2024-10-31;a7d8c2ed0xyd8c2ed0e8z;SYS;708;;2018-03-01;2017-12-19;2017-12-18;;;;EUR;;;3073.15;;0.0;N;N;2025-04-24 17:16:36.457149;2025-04-24 17:16:36.457149
XY;50;2025-04-30;a8b537e84xyb537e84e4z;SYS;2287;;2022-05-26;2022-05-26;;;0.0;TOTAL;EUR;0.0;;0.01;;0.0;N;N;2025-05-15 08:36:24.621918;2025-05-15 08:36:24.621918
XY;50;2024-10-31;a364f77bexy64f77be83z;SYS;709;0.0;2023-05-01;2023-05-01;;;;;EUR;0.0;;0.03;;0.0;N;N;2025-04-23 13:47:00.001639;2025-04-23 13:47:00.001639
XY;50;2024-10-31;ae2899b67xy2899b6729z;SYS;708;;2012-06-18;2011-03-28;;2011-04-30;29643.13;;EUR;31132.8;2012-06-18;639.04;;0.0;N;N;2025-04-24 17:16:36.457149;2025-04-24 17:16:36.457149
XY;50;2024-10-31;acaa010b8xyaa010b85dz;SYS;708;;2021-04-11;2021-02-09;;;;;EUR;;;900.34;;0.0;N;N;2025-04-24 17:16:36.457149;2025-04-24 17:16:36.457149
XY;50;2024-10-31;a811068d4xy11068d4a6z;SYS;708;;2023-05-29;2023-01-30;;;;;EUR;;;170.1;;0.0;N;N;2025-04-24 17:16:36.457149;2025-04-24 17:16:36.457149
XY;50;2024-10-31;a421c0c7exy21c0c7e52z;SYS;8204;;2022-05-13;2014-09-29;;2013-10-10;30400.0;;EUR;49817.73;2022-05-13;-13400.0;;-13400.0;N;N;2025-04-30 08:18:15.017003;2025-04-30 08:18:15.017003
XY;50;2024-10-31;a4e2b192exye2b192e35z;SYS;708;;2021-05-25;2021-02-26;;;;;EUR;227.58;2021-05-25;0.0;;0.0;N;N;2025-04-24 17:16:36.457149;2025-04-24 17:16:36.457149
XY;50;2024-10-31;a9c2565f2xyc2565f20az;SYS;708;;2020-08-30;2020-08-28;;;;;EUR;;;6.09;;0.0;N;N;2025-04-24 17:16:36.457149;2025-04-24 17:16:36.457149
XY;50;2024-10-31;a63caa341xy3caa341bfz;SYS;708;;2004-01-31;2001-01-01;;;;;EUR;;;1183.51;;0.0;N;N;2025-04-24 17:16:36.457149;2025-04-24 17:16:36.457149
XY;50;2024-09-30;a83a73917xy3a73917adz;SYS;3250;;2018-02-23;2017-09-30;2017-08-29;2018-02-23;941000.0;EARLY_SETTLEMENT;EUR;850052.81;2018-02-23;557675.32;;557675.32;N;N;2025-05-14 12:09:26.976003;2025-05-14 12:09:26.976003
XY;50;2024-10-31;a0a9b09b0xya9b09b06ez;SYS;708;;2020-09-07;2020-07-07;;;;;EUR;;;3657.46;;0.0;N;N;2025-04-24 17:16:36.457149;2025-04-24 17:16:36.457149
XY;50;2024-10-31;a6948c016xy948c01607z;SYS;708;;2010-12-07;2009-10-19;;2009-12-21;41100.0;;EUR;41100.0;2009-12-21;3844.71;;0.0;N;N;2025-04-24 17:16:36.457149;2025-04-24 17:16:36.457149
XY;50;2024-10-31;aa6b5c338xy6b5c338e2z;SYS;708;;2024-09-09;2024-05-16;2024-06-04;2024-08-13;37751.0;;EUR;40180.96;2024-09-09;9721.89;;0.0;N;N;2025-04-24 17:16:36.457149;2025-04-24 17:16:36.457149
XY;50;2024-10-31;a680a24b4xy80a24b437z;SYS;708;;2017-01-30;2016-11-22;2016-11-22;2017-01-06;24669.7;;EUR;27546.25;2017-01-30;15598.99;;0.0;N;N;2025-04-24 17:16:36.457149;2025-04-24 17:16:36.457149
XY;50;2024-10-31;a6ab8b6d5xyab8b6d502z;SYS;708;;2008-11-30;2008-11-21;2008-09-10;2008-11-21;17564.98;;EUR;17564.98;2008-11-21;19589.43;;0.0;N;N;2025-04-24 17:16:36.457149;2025-04-24 17:16:36.457149
XY;50;2024-10-31;a7ac47645xyac476452ez;SYS;708;;2018-04-19;2016-01-08;;;;;EUR;-508.5;2018-04-19;761.2;;0.0;N;N;2025-04-24 17:16:36.457149;2025-04-24 17:16:36.457149
XY;50;2024-10-31;a13463651xy346365119z;SYS;708;;2015-10-31;2015-07-27;;2015-10-02;42858.5;;EUR;44152.55;2015-10-05;0.0;;0.0;N;N;2025-04-24 17:16:36.457149;2025-04-24 17:16:36.457149
XY;50;2024-10-31;a19d61c6dxy9d61c6da9z;SYS;708;;2009-02-28;2009-01-16;;2009-01-16;16284.0;;EUR;18447.89;2009-02-28;0.0;;0.0;N;N;2025-04-24 17:16:36.457149;2025-04-24 17:16:36.457149
XY;50;2024-10-31;ad053c464xy053c464abz;SYS;708;;2016-01-12;2015-06-17;;2015-07-22;23253.0;;EUR;23505.0;2016-01-12;0.0;;0.0;N;N;2025-04-24 17:16:36.457149;2025-04-24 17:16:36.457149
XY;50;2024-10-31;a3daf0cafxydaf0cafd6z;SYS;708;;2013-04-22;2013-02-21;;2013-02-28;27854.0;;EUR;27854.0;2013-02-28;529.54;;0.0;N;N;2025-04-24 17:16:36.457149;2025-04-24 17:16:36.457149
XY;50;2024-10-31;a4194ac31xy194ac310dz;SYS;708;;2019-12-11;2019-08-14;;;;;EUR;-1512.18;2019-12-11;0.0;;0.0;N;N;2025-04-24 17:16:36.457149;2025-04-24 17:16:36.457149
XY;50;2024-10-31;aaa2e4e87xya2e4e8707z;SYS;708;;2024-05-08;2024-01-19;;;;;EUR;1943.0;2024-05-08;0.0;;0.0;N;N;2025-04-24 17:16:36.457149;2025-04-24 17:16:36.457149
XY;50;2024-10-31;aa920de90xy920de901cz;SYS;708;;2019-07-29;2019-06-25;;;;;EUR;;;17.17;;0.0;N;N;2025-04-24 17:16:36.457149;2025-04-24 17:16:36.457149
XY;50;2024-10-31;a49cef90cxy9cef90c21z;SYS;3279;0.0;2015-03-12;2015-03-10;;2015-05-07;25500.0;;EUR;26122.33;2015-05-07;0.0;;0.0;N;N;2025-04-23 13:47:00.001639;2025-04-23 13:47:00.001639
XY;50;2024-10-31;acb2ee34dxyb2ee34d6fz;SYS;708;;2010-02-22;2009-12-07;;2010-02-22;21472.0;;EUR;21472.0;2010-02-22;1917.0;;0.0;N;N;2025-04-24 17:16:36.457149;2025-04-24 17:16:36.457149
XY;50;2024-10-31;a27a22948xy7a2294812z;SYS;708;;2023-02-08;2022-12-20;;;;;EUR;;;50.0;;0.0;N;N;2025-04-24 17:16:36.457149;2025-04-24 17:16:36.457149
XY;50;2024-10-31;a752f7f78xy52f7f7830z;SYS;708;;2019-12-30;2018-01-10;;;;;EUR;;;1025.45;;0.0;N;N;2025-04-24 17:16:36.457149;2025-04-24 17:16:36.457149
XY;50;2024-10-31;a0b436256xyb4362562dz;SYS;708;;2011-06-23;2010-10-20;2010-08-20;2010-10-20;23535.85;;EUR;23686.75;2011-06-23;8210.16;;0.0;N;N;2025-04-24 17:16:36.457149;2025-04-24 17:16:36.457149
XY;50;2024-10-31;a4567dd7cxy567dd7c5fz;SYS;708;;2021-10-11;2021-07-22;;;;;EUR;85.0;2021-10-11;0.0;;0.0;N;N;2025-04-24 17:16:36.457149;2025-04-24 17:16:36.457149
XY;50;2024-10-31;a7f69d624xyf69d62469z;SYS;708;;2007-10-31;2006-08-03;2006-08-03;2007-01-15;177679.78;;EUR;178192.51;2007-10-31;13881.86;;0.0;N;N;2025-04-24 17:16:36.457149;2025-04-24 17:16:36.457149
XY;50;2024-10-31;a9756abb3xy756abb376z;SYS;708;;2016-07-28;2016-03-25;;2016-04-08;31600.0;;EUR;33936.45;2016-07-28;-1650.75;;0.0;N;N;2025-04-24 17:16:36.457149;2025-04-24 17:16:36.457149
XY;50;2024-10-31;aa87cb872xy87cb8729cz;SYS;708;;2018-08-21;2018-08-21;;;;;EUR;;;0.71;;0.0;N;N;2025-04-24 17:16:36.457149;2025-04-24 17:16:36.457149
XY;50;2024-10-31;a48b30e97xy8b30e976bz;SYS;709;0.0;2024-03-22;2024-03-22;;;;;EUR;0.0;;229.72;;0.0;N;N;2025-04-23 13:47:00.001639;2025-04-23 13:47:00.001639
XY;50;2024-10-31;a820c44e8xy20c44e825z;SYS;708;;2024-09-08;2024-05-13;;;;;EUR;483.0;2024-09-08;8943.15;;0.0;N;N;2025-04-24 17:16:36.457149;2025-04-24 17:16:36.457149
XY;50;2024-10-31;aae58818fxye58818f13z;SYS;708;;2018-06-30;2018-03-26;;;;;EUR;227.24;2018-06-30;0.0;;0.0;N;N;2025-04-24 17:16:36.457149;2025-04-24 17:16:36.457149
XY;50;2025-04-30;a2c944000xyc94400099z;SYS;2287;;2016-03-22;2016-03-22;;;0.0;TOTAL;EUR;0.0;;50.0;;0.0;N;N;2025-05-15 08:36:24.621918;2025-05-15 08:36:24.621918
XY;50;2024-10-31;a0addef4axyaddef4a1dz;SYS;708;;2006-02-28;2006-02-13;2005-12-27;2006-02-13;25265.0;;EUR;25265.0;2006-02-13;11214.6;;0.0;N;N;2025-04-24 17:16:36.457149;2025-04-24 17:16:36.457149
XY;50;2024-10-31;abdd15d69xydd15d691cz;SYS;708;;2022-11-30;2021-10-05;;;;;EUR;;;176.75;;0.0;N;N;2025-04-24 17:16:36.457149;2025-04-24 17:16:36.457149
XY;50;2024-10-31;a156d6d7exy56d6d7effz;SYS;708;;2024-01-28;2023-11-21;2023-11-13;2024-01-10;21235.83;;EUR;22116.11;2024-01-28;18303.07;;0.0;N;N;2025-04-24 17:16:36.457149;2025-04-24 17:16:36.457149
XY;50;2024-10-31;a8f00d978xyf00d978efz;SYS;708;;2022-03-03;2022-01-05;;;;;EUR;;;3607.3;;0.0;N;N;2025-04-24 17:16:36.457149;2025-04-24 17:16:36.457149
XY;50;2024-10-31;a71b5573fxy1b5573f4az;SYS;708;;2023-06-15;;;;;;EUR;;;-885.47;;0.0;N;N;2025-04-24 17:16:36.457149;2025-04-24 17:16:36.457149
XY;50;2024-10-31;a7a958737xya9587377bz;SYS;708;;2021-05-16;2018-09-27;;;;;EUR;1192.67;2021-05-16;0.0;;0.0;N;N;2025-04-24 17:16:36.457149;2025-04-24 17:16:36.457149
XY;50;2024-10-31;ada03a532xya03a532fcz;SYS;708;;2016-02-22;2015-03-30;;;;;EUR;252.47;2016-02-22;0.0;;0.0;N;N;2025-04-24 17:16:36.457149;2025-04-24 17:16:36.457149
XY;50;2024-10-31;ae4d4a52dxy4d4a52da3z;SYS;708;;2021-01-04;2020-10-06;2020-10-02;2020-12-22;35774.92;;EUR;36135.99;2020-12-22;13735.35;;0.0;N;N;2025-04-24 17:16:36.457149;2025-04-24 17:16:36.457149
XY;50;2024-10-31;a2f45d117xyf45d11751z;SYS;708;;2018-12-27;2017-10-24;;;;;EUR;156.84;2018-12-27;44.2;;0.0;N;N;2025-04-24 17:16:36.457149;2025-04-24 17:16:36.457149
XY;50;2024-10-31;afd6b09ddxyd6b09dd45z;SYS;708;;2018-08-29;2018-07-06;;;;;EUR;;;15.0;;0.0;N;N;2025-04-24 17:16:36.457149;2025-04-24 17:16:36.457149
XY;50;2024-10-31;a53d1b4e5xy3d1b4e57bz;SYS;708;;2009-04-30;2009-04-08;;2009-04-08;19709.0;;EUR;19709.0;2009-04-08;2587.0;;0.0;N;N;2025-04-24 17:16:36.457149;2025-04-24 17:16:36.457149
XY;50;2024-10-31;ac5c7c549xy5c7c549f6z;SYS;708;;2023-03-14;2023-01-06;;;;;EUR;;;601.93;;0.0;N;N;2025-04-24 17:16:36.457149;2025-04-24 17:16:36.457149
XY;50;2024-10-31;ab002e7faxy002e7fa25z;SYS;708;;2024-01-08;;;;;;EUR;;;0.0;;0.0;N;N;2025-04-24 17:16:36.457149;2025-04-24 17:16:36.457149
XY;50;2024-09-30;a0ebb667exyebb667eaez;SYS;3250;;2016-02-17;2015-08-31;2015-06-26;2016-02-17;1345000.0;EARLY_SETTLEMENT;EUR;1345000.0;2016-02-17;1274043.93;;1274043.93;N;N;2025-05-14 12:09:26.976003;2025-05-14 12:09:26.976003
XY;50;2024-10-31;a3c1261fexyc1261fe83z;SYS;708;;2017-07-25;2017-05-24;;;;;EUR;-1692.39;2017-07-25;0.0;;0.0;N;N;2025-04-24 17:16:36.457149;2025-04-24 17:16:36.457149
XY;50;2024-10-31;a40f0fc28xy0f0fc28d2z;SYS;708;;2021-03-25;2021-03-25;;;;;EUR;;;27690.41;;0.0;N;N;2025-04-24 17:16:36.457149;2025-04-24 17:16:36.457149
XY;50;2024-10-31;a0b9cea59xyb9cea5960z;SYS;1042;;2017-08-10;;2017-06-13;2017-08-10;9400.0;TOTAL;EUR;;;;;;N;N;2025-05-15 09:00:37.483636;2025-05-15 09:00:37.483636
XY;50;2024-10-31;a21a68b0axy1a68b0a33z;SYS;708;;2024-03-31;2024-02-14;;;;;EUR;;;11703.07;;0.0;N;N;2025-04-24 17:16:36.457149;2025-04-24 17:16:36.457149
XY;50;2024-10-31;a8ffc1313xyffc131319z;SYS;708;;2014-10-31;2014-08-04;2014-05-28;2014-08-04;21399.0;;EUR;21461.59;2014-10-31;14844.64;;0.0;N;N;2025-04-24 17:16:36.457149;2025-04-24 17:16:36.457149
XY;50;2024-10-31;a47ad2f33xy7ad2f33d8z;SYS;708;;2018-01-24;2009-10-20;;2009-12-10;19271.16;;EUR;19552.63;2018-01-24;2719.01;;0.0;N;N;2025-04-24 17:16:36.457149;2025-04-24 17:16:36.457149
XY;50;2024-10-31;af2aa11fexy2aa11fe48z;SYS;708;;2021-08-15;2021-07-15;;2021-07-29;35700.0;;EUR;35700.0;2021-07-29;6.59;;0.0;N;N;2025-04-24 17:16:36.457149;2025-04-24 17:16:36.457149
XY;50;2024-10-31;adda07e83xyda07e83f2z;SYS;3279;0.0;2023-09-25;2023-09-25;;;;;EUR;0.0;;0.52;;0.0;N;N;2025-04-23 13:47:00.001639;2025-04-23 13:47:00.001639
XY;50;2024-10-31;aee360a89xye360a89c7z;SYS;708;;2023-10-31;2023-08-24;2023-09-24;2023-10-31;34285.0;;EUR;35334.44;2023-10-31;13068.1;;0.0;N;N;2025-04-24 17:16:36.457149;2025-04-24 17:16:36.457149
XY;50;2024-10-31;a05e80d37xy5e80d372dz;SYS;1042;;2023-09-12;2023-02-28;;;;TOTAL;EUR;;;28.0;;0.0;N;N;2025-05-15 09:00:37.483636;2025-05-15 09:00:37.483636
XY;50;2024-10-31;a76e91384xy6e913843cz;SYS;708;;2020-07-21;2020-04-23;;;;;EUR;-1474.49;2020-07-21;0.0;;0.0;N;N;2025-04-24 17:16:36.457149;2025-04-24 17:16:36.457149
XY;50;2024-10-31;a6d1193acxyd1193ac8bz;SYS;708;;2023-12-11;2020-08-10;;;;;EUR;3751.57;2023-12-11;3394.35;;0.0;N;N;2025-04-24 17:16:36.457149;2025-04-24 17:16:36.457149
XY;50;2025-04-30;a81700db3xy1700db36ez;SYS;2287;;2016-09-21;2016-09-21;2016-07-05;2016-09-15;75000.0;TOTAL;EUR;0.0;;48709.44;;0.0;N;N;2025-05-15 08:36:24.621918;2025-05-15 08:36:24.621918
XY;50;2024-10-31;a5fb482bcxyfb482bc2az;SYS;708;;2020-07-31;2020-06-10;2020-06-10;2020-07-31;36165.0;;EUR;36165.0;2020-07-31;9392.13;;0.0;N;N;2025-04-24 17:16:36.457149;2025-04-24 17:16:36.457149
XY;50;2024-10-31;a74f036fbxy4f036fbd9z;SYS;708;;2021-06-16;2021-06-16;;;;;EUR;;;1000.0;;0.0;N;N;2025-04-24 17:16:36.457149;2025-04-24 17:16:36.457149
XY;50;2024-10-31;a351507c0xy51507c05bz;SYS;708;;2023-06-28;2020-10-15;2020-10-04;;;;EUR;11692.33;2020-10-20;624.4;;0.0;N;N;2025-04-24 17:16:36.457149;2025-04-24 17:16:36.457149
XY;50;2024-10-31;a19b7b8afxy9b7b8af29z;SYS;709;0.0;2013-08-14;2013-07-29;;2013-08-23;28000.0;;EUR;30610.8;2013-08-23;0.0;;0.0;N;N;2025-04-23 13:47:00.001639;2025-04-23 13:47:00.001639
XY;50;2024-10-31;a24c469d4xy4c469d476z;SYS;708;;2022-07-21;2021-12-17;;;;;EUR;;;227.15;;0.0;N;N;2025-04-24 17:16:36.457149;2025-04-24 17:16:36.457149
XY;50;2024-10-31;a4560e046xy560e046efz;SYS;708;;2023-05-18;2023-03-02;;;;;EUR;;;1256.44;;0.0;N;N;2025-04-24 17:16:36.457149;2025-04-24 17:16:36.457149
XY;50;2024-10-31;a04c9ba0dxy4c9ba0d82z;SYS;709;0.0;2018-01-09;2018-01-09;;2017-11-15;25100.0;;EUR;0.0;;0.09;;0.0;N;N;2025-04-23 13:47:00.001639;2025-04-23 13:47:00.001639
XY;50;2024-10-31;ab2dcbe00xy2dcbe00c9z;SYS;708;;2023-07-24;2023-07-24;;;;;EUR;;;9895.41;;0.0;N;N;2025-04-24 17:16:36.457149;2025-04-24 17:16:36.457149
XY;50;2024-10-31;a93347442xy3347442bdz;SYS;708;;2021-10-13;2021-07-16;;;;;EUR;232.05;2021-10-13;0.0;;0.0;N;N;2025-04-24 17:16:36.457149;2025-04-24 17:16:36.457149
XY;50;2024-10-31;aefafbd86xyfafbd860fz;SYS;1042;;2022-12-15;2022-12-15;2022-03-04;2022-04-01;20000.0;TOTAL;EUR;;;3102.82;;0.0;N;N;2025-05-15 09:00:37.483636;2025-05-15 09:00:37.483636
XY;50;2024-10-31;aa4d451f2xy4d451f2aez;SYS;709;0.0;2016-02-03;2016-01-25;;2016-01-27;26900.0;;EUR;27642.26;2016-02-03;0.0;;0.0;N;N;2025-04-23 13:47:00.001639;2025-04-23 13:47:00.001639
XY;50;2024-10-31;a6a21983dxya21983d78z;SYS;708;;2018-02-20;2017-12-22;;;;;EUR;;;1279.96;;0.0;N;N;2025-04-24 17:16:36.457149;2025-04-24 17:16:36.457149
XY;50;2024-10-31;adcaf77fcxycaf77fcebz;SYS;708;;2010-12-13;2009-06-08;;2009-06-18;47006.0;;EUR;47190.76;2010-12-13;5872.04;;0.0;N;N;2025-04-24 17:16:36.457149;2025-04-24 17:16:36.457149
XY;50;2024-10-31;a742cebfaxy42cebfa3cz;SYS;708;;2017-07-20;2017-02-22;;;;;EUR;246.25;2017-07-20;0.0;;0.0;N;N;2025-04-24 17:16:36.457149;2025-04-24 17:16:36.457149
XY;50;2025-04-30;ae560ff45xy560ff4519z;SYS;2287;;2022-02-16;2022-02-16;;;0.0;TOTAL;EUR;0.0;;95.47;;0.0;N;N;2025-05-15 08:36:24.621918;2025-05-15 08:36:24.621918
XY;50;2024-10-31;a7a87f6b9xya87f6b9fez;SYS;708;;2016-02-19;2015-12-10;;2015-12-14;32654.0;;EUR;32852.38;2016-02-19;0.0;;0.0;N;N;2025-04-24 17:16:36.457149;2025-04-24 17:16:36.457149
XY;50;2024-10-31;a91aafb08xy1aafb08b0z;SYS;3279;0.0;2017-02-10;2017-02-10;;2017-01-03;12500.0;;EUR;0.0;;0.01;;0.0;N;N;2025-04-23 13:47:00.001639;2025-04-23 13:47:00.001639
XY;50;2024-10-31;a7da90fd4xyda90fd4afz;SYS;708;;2016-01-31;2016-01-01;2015-11-01;2016-01-12;47473.0;;EUR;50053.0;2016-01-31;27944.91;;0.0;N;N;2025-04-24 17:16:36.457149;2025-04-24 17:16:36.457149
XY;50;2024-10-31;ad9d9b96dxy9d9b96d5az;SYS;8204;;2021-12-08;2021-12-08;;;;;EUR;0.0;;0.0;;0.0;N;N;2025-04-30 08:18:15.017003;2025-04-30 08:18:15.017003
XY;50;2024-10-31;abce7120cxyce7120caez;SYS;709;0.0;2024-08-19;2024-08-19;;;;;EUR;0.0;;0.32;;0.0;N;N;2025-04-23 13:47:00.001639;2025-04-23 13:47:00.001639
XY;50;2024-10-31;a7ebdb132xyebdb132b7z;SYS;708;;2023-06-12;2023-03-21;;;;;EUR;498.26;2023-06-12;0.0;;0.0;N;N;2025-04-24 17:16:36.457149;2025-04-24 17:16:36.457149
XY;50;2024-10-31;afbbf0841xybbf0841b0z;SYS;708;;2009-07-16;2009-06-17;;2009-07-16;18447.3;;EUR;18447.3;2009-07-16;2473.84;;0.0;N;N;2025-04-24 17:16:36.457149;2025-04-24 17:16:36.457149
XY;50;2024-10-31;a331292aexy31292ae42z;SYS;708;;2019-02-21;2018-11-12;;;;;EUR;;;0.0;;0.0;N;N;2025-04-24 17:16:36.457149;2025-04-24 17:16:36.457149
XY;50;2024-09-30;a3f7e137cxyf7e137c1bz;SYS;3250;;2020-09-30;2018-08-31;2018-07-13;2020-07-30;408660.714286;EARLY_SETTLEMENT;EUR;213355.71;2020-09-30;1339161.93;;1339161.93;N;N;2025-05-14 12:09:26.976003;2025-05-14 12:09:26.976003
XY;50;2024-10-31;a2523977bxy523977b46z;SYS;708;;2021-11-15;2021-04-27;;;;;EUR;58.53;2021-11-15;0.0;;0.0;N;N;2025-04-24 17:16:36.457149;2025-04-24 17:16:36.457149
XY;50;2024-10-31;acc7ac93exyc7ac93e29z;SYS;708;;2017-04-06;2017-01-20;;;;;EUR;369.15;2017-04-06;0.0;;0.0;N;N;2025-04-24 17:16:36.457149;2025-04-24 17:16:36.457149
XY;50;2024-10-31;a1a018a3cxya018a3c30z;SYS;708;;2007-12-07;2007-10-05;;2007-12-07;19905.0;;EUR;19905.0;2007-12-07;920.01;;0.0;N;N;2025-04-24 17:16:36.457149;2025-04-24 17:16:36.457149
XY;50;2024-10-31;ab5319cb4xy5319cb4bez;SYS;1042;;2022-03-04;2020-03-05;;;;TOTAL;EUR;;;24.0;;0.0;N;N;2025-05-15 09:00:37.483636;2025-05-15 09:00:37.483636
XY;50;2024-10-31;adc8f80d8xyc8f80d841z;SYS;708;;2020-09-27;2020-07-27;;;;;EUR;;;2694.2;;0.0;N;N;2025-04-24 17:16:36.457149;2025-04-24 17:16:36.457149
XY;50;2024-10-31;a817283cbxy17283cb1ez;SYS;708;;2016-02-18;2016-02-01;;2016-02-04;30934.0;;EUR;30934.0;2016-02-04;-1.16;;0.0;N;N;2025-04-24 17:16:36.457149;2025-04-24 17:16:36.457149
XY;50;2024-10-31;ab8711d0exy8711d0e0bz;SYS;708;;2019-09-29;2019-07-29;;;;;EUR;142.07;2019-09-29;0.0;;0.0;N;N;2025-04-24 17:16:36.457149;2025-04-24 17:16:36.457149
XY;50;2024-10-31;a5414a921xy414a9213dz;SYS;708;;2014-12-22;2014-07-30;;2014-09-18;23205.0;;EUR;24208.96;2014-12-22;0.05;;0.0;N;N;2025-04-24 17:16:36.457149;2025-04-24 17:16:36.457149
XY;50;2024-10-31;abd2b99b8xyd2b99b8e8z;SYS;708;;2007-10-31;2007-10-22;2007-08-23;2007-10-22;31609.5;;EUR;31609.5;2007-10-22;7086.04;;0.0;N;N;2025-04-24 17:16:36.457149;2025-04-24 17:16:36.457149
XY;50;2024-10-31;a4d337579xyd33757970z;SYS;708;;2018-05-23;2018-03-16;;2018-04-12;25280.0;;EUR;32832.66;2018-05-23;-96.55;;0.0;N;N;2025-04-24 17:16:36.457149;2025-04-24 17:16:36.457149
XY;50;2024-10-31;a95b03b53xy5b03b5398z;SYS;708;;2020-12-20;2020-09-01;;;;;EUR;655.39;2020-12-20;0.0;;0.0;N;N;2025-04-24 17:16:36.457149;2025-04-24 17:16:36.457149
XY;50;2024-10-31;a3479488cxy479488c23z;SYS;708;;2017-04-16;2016-11-18;;;;;EUR;61.23;2017-04-16;0.0;;0.0;N;N;2025-04-24 17:16:36.457149;2025-04-24 17:16:36.457149
XY;50;2024-10-31;a93853d92xy3853d9253z;SYS;8204;;2022-03-28;2022-03-28;2019-02-22;2020-08-17;13751.0;;EUR;0.0;;-7873.26;;-7873.26;N;N;2025-04-30 08:18:15.017003;2025-04-30 08:18:15.017003
XY;50;2024-10-31;ab6f60358xy6f60358cez;SYS;1042;;2023-12-15;2023-12-15;2020-07-10;2020-12-16;13900.0;TOTAL;EUR;;;20534.65;;0.0;N;N;2025-05-15 09:00:37.483636;2025-05-15 09:00:37.483636
XY;50;2024-10-31;ab6bb6a60xy6bb6a60e8z;SYS;1042;;2024-03-06;2024-03-06;;;;TOTAL;EUR;;;8.6;;0.0;N;N;2025-05-15 09:00:37.483636;2025-05-15 09:00:37.483636
XY;50;2024-10-31;adfaf48f0xyfaf48f011z;SYS;708;;2019-05-27;2019-01-18;2019-01-17;2019-05-24;11795.0;;EUR;11795.0;2019-05-24;17489.55;;0.0;N;N;2025-04-24 17:16:36.457149;2025-04-24 17:16:36.457149
XY;50;2024-10-31;a1c611428xyc61142835z;SYS;708;;2020-10-15;2020-04-09;;;;;EUR;;;110553.9;;0.0;N;N;2025-04-24 17:16:36.457149;2025-04-24 17:16:36.457149
XY;50;2024-10-31;a5ad71d77xyad71d771ez;SYS;708;;2023-03-09;2023-02-03;2023-01-30;;;;EUR;;;0.0;;0.0;N;N;2025-04-24 17:16:36.457149;2025-04-24 17:16:36.457149
XY;50;2024-10-31;a53dc8675xy3dc8675c2z;SYS;708;;2019-08-31;2019-04-29;;;;;EUR;535.05;2019-08-31;0.0;;0.0;N;N;2025-04-24 17:16:36.457149;2025-04-24 17:16:36.457149
XY;50;2024-10-31;a4f40faadxyf40faad77z;SYS;709;0.0;2016-07-05;2016-07-05;;;;;EUR;0.0;;1.06;;0.0;N;N;2025-04-23 13:47:00.001639;2025-04-23 13:47:00.001639
XY;50;2024-10-31;a56accf9exy6accf9ef3z;SYS;708;;2015-10-31;2014-04-09;;2014-06-27;24576.53;;EUR;24576.53;2014-06-27;332.46;;0.0;N;N;2025-04-24 17:16:36.457149;2025-04-24 17:16:36.457149
XY;50;2024-10-31;ae6c7446exy6c7446e9ez;SYS;708;;2016-04-05;2016-04-05;;2016-04-05;28060.0;;EUR;28060.0;2016-04-05;500.0;;0.0;N;N;2025-04-24 17:16:36.457149;2025-04-24 17:16:36.457149
XY;50;2025-04-30;aef8a36e4xyf8a36e4aez;SYS;2287;;2013-10-10;2013-10-10;2013-09-12;2013-10-09;2250.0;TOTAL;EUR;0.0;;6807.57;;0.0;N;N;2025-05-15 08:36:24.621918;2025-05-15 08:36:24.621918
XY;50;2024-10-31;a32a99f41xy2a99f4131z;SYS;708;;2024-06-20;2024-06-20;;;;;EUR;11.8;2024-10-06;0.0;;0.0;N;N;2025-04-24 17:16:36.457149;2025-04-24 17:16:36.457149
XY;50;2024-09-30;a64cad12dxy4cad12da5z;SYS;3250;;2020-02-29;2019-03-31;;;0.0;EARLY_SETTLEMENT;EUR;-277598.33;2020-02-29;1787043.76;;1787043.76;N;N;2025-05-14 12:09:26.976003;2025-05-14 12:09:26.976003
XY;50;2024-10-31;abf09a233xyf09a23305z;SYS;1042;;2022-08-10;2022-08-10;;;;TOTAL;EUR;;;-0.01;;0.0;N;N;2025-05-15 09:00:37.483636;2025-05-15 09:00:37.483636
XY;50;2024-10-31;a274a709cxy74a709ccbz;SYS;708;;2018-01-28;2017-08-15;;;;;EUR;1840.89;2018-01-28;33.36;;0.0;N;N;2025-04-24 17:16:36.457149;2025-04-24 17:16:36.457149
XY;50;2024-10-31;afe579a56xye579a56acz;SYS;708;;2024-08-26;2024-08-26;;;;;EUR;;;50.0;;50.0;N;N;2025-04-24 17:16:36.457149;2025-04-24 17:16:36.457149
XY;50;2024-10-31;ab4cb7fbaxy4cb7fbae5z;SYS;3279;0.0;2016-07-05;2016-07-05;;;;;EUR;0.0;;20000.0;;0.0;N;N;2025-04-23 13:47:00.001639;2025-04-23 13:47:00.001639
XY;50;2024-10-31;a9316c27dxy316c27d62z;SYS;708;;2009-07-31;2009-07-31;;2009-07-31;24161.5;;EUR;24161.5;2009-07-31;8173.52;;0.0;N;N;2025-04-24 17:16:36.457149;2025-04-24 17:16:36.457149
XY;50;2024-10-31;aaac7b951xyac7b95109z;SYS;708;;2023-05-17;2023-04-27;2023-04-18;;;;EUR;;;0.0;;0.0;N;N;2025-04-24 17:16:36.457149;2025-04-24 17:16:36.457149
XY;50;2024-10-31;a99cb6dd1xy9cb6dd1dfz;SYS;1042;;2020-11-26;2020-03-05;2017-10-30;2018-01-02;2670.0;TOTAL;EUR;;;6474.74;;0.0;N;N;2025-05-15 09:00:37.483636;2025-05-15 09:00:37.483636
XY;50;2024-10-31;a22a34628xy2a346285bz;SYS;708;;2018-04-09;2017-06-23;;;;;EUR;;;126.32;;0.0;N;N;2025-04-24 17:16:36.457149;2025-04-24 17:16:36.457149
XY;50;2024-10-31;a509726d7xy09726d7bez;SYS;3279;0.0;2023-11-27;2023-11-27;;;;;EUR;0.0;;0.23;;0.0;N;N;2025-04-23 13:47:00.001639;2025-04-23 13:47:00.001639
XY;50;2024-10-31;a04429ee6xy4429ee613z;SYS;708;;2022-03-15;2022-03-14;2021-12-23;2022-03-15;180089.22;;EUR;94241.78;2022-03-15;0.0;;0.0;N;N;2025-04-24 17:16:36.457149;2025-04-24 17:16:36.457149
XY;50;2025-04-30;a1cdcd572xycdcd572a6z;SYS;2287;;2013-10-04;2013-10-04;;;0.0;TOTAL;EUR;0.0;;2.27;;0.0;N;N;2025-05-15 08:36:24.621918;2025-05-15 08:36:24.621918
XY;50;2024-10-31;a2547caf1xy547caf11ez;SYS;709;0.0;2012-07-27;2012-07-27;;2012-08-03;27000.0;;EUR;27000.0;2012-08-03;597.34;;0.0;N;N;2025-04-23 13:47:00.001639;2025-04-23 13:47:00.001639
XY;50;2024-10-31;adfcde4edxyfcde4ed72z;SYS;709;0.0;2018-11-30;2018-11-30;;;;;EUR;0.0;;0.01;;0.0;N;N;2025-04-23 13:47:00.001639;2025-04-23 13:47:00.001639
XY;50;2024-10-31;aad7167c9xyd7167c9fez;SYS;708;;2024-05-16;2024-04-08;2024-04-06;;;;EUR;0.0;2024-05-16;0.0;;0.0;N;N;2025-04-24 17:16:36.457149;2025-04-24 17:16:36.457149
XY;50;2024-10-31;a7eec13f2xyeec13f266z;SYS;708;;2020-08-26;2020-08-21;2020-08-20;;;;EUR;550.66;2020-08-26;0.0;;0.0;N;N;2025-04-24 17:16:36.457149;2025-04-24 17:16:36.457149
XY;50;2024-10-31;ae27ca368xy27ca36840z;SYS;708;;2020-08-26;2020-05-26;;;;;EUR;50.0;2020-08-26;0.0;;0.0;N;N;2025-04-24 17:16:36.457149;2025-04-24 17:16:36.457149
XY;50;2024-10-31;a76532213xy6532213fbz;SYS;708;;2021-03-21;2020-12-04;;;;;EUR;180.13;2021-03-21;0.0;;0.0;N;N;2025-04-24 17:16:36.457149;2025-04-24 17:16:36.457149
XY;50;2024-10-31;a3a5795c4xya5795c4e4z;SYS;708;;2022-01-24;2021-08-27;;;;;EUR;;;159.56;;0.0;N;N;2025-04-24 17:16:36.457149;2025-04-24 17:16:36.457149
XY;50;2024-10-31;a16491884xy64918848bz;SYS;3279;0.0;2024-05-28;2024-05-28;;;;;EUR;0.0;;0.69;;0.0;N;N;2025-04-23 13:47:00.001639;2025-04-23 13:47:00.001639
XY;50;2024-10-31;a574463d1xy74463d1caz;SYS;708;;2024-06-06;2024-01-04;;;;;EUR;2056.95;2024-06-06;0.0;;0.0;N;N;2025-04-24 17:16:36.457149;2025-04-24 17:16:36.457149
XY;50;2024-10-31;a3d347761xyd3477618ez;SYS;708;;2007-05-31;2007-05-25;2007-04-19;2007-05-25;16471.43;;EUR;16471.43;2007-05-25;11227.78;;0.0;N;N;2025-04-24 17:16:36.457149;2025-04-24 17:16:36.457149
XY;50;2024-10-31;a245ce319xy45ce319e6z;SYS;708;;2021-12-07;2020-03-20;;;;;EUR;760.31;2021-12-07;0.0;;0.0;N;N;2025-04-24 17:16:36.457149;2025-04-24 17:16:36.457149
XY;50;2024-10-31;a2e266d7dxye266d7d5dz;SYS;708;;2008-10-31;2008-10-24;2008-09-11;2008-10-24;28826.5;;EUR;28826.5;2008-10-24;12526.39;;0.0;N;N;2025-04-24 17:16:36.457149;2025-04-24 17:16:36.457149
XY;50;2024-10-31;a30c25c0axy0c25c0a6az;SYS;708;;2017-01-11;2016-11-07;;;;;EUR;-1641.7;2017-01-11;0.0;;0.0;N;N;2025-04-24 17:16:36.457149;2025-04-24 17:16:36.457149
XY;50;2024-09-30;aca671772xya671772b3z;SYS;3250;;2017-09-30;2017-09-30;;;0.0;EARLY_SETTLEMENT;EUR;0.0;;1786.66;;1786.66;N;N;2025-05-14 12:09:26.976003;2025-05-14 12:09:26.976003
XY;50;2024-10-31;aec071f48xyc071f4833z;SYS;708;;2021-10-03;2020-08-20;;;;;EUR;;;89.25;;0.0;N;N;2025-04-24 17:16:36.457149;2025-04-24 17:16:36.457149
XY;50;2024-10-31;a7dbce680xydbce6809bz;SYS;708;;2023-04-11;2023-04-06;;;;;EUR;;;25.0;;0.0;N;N;2025-04-24 17:16:36.457149;2025-04-24 17:16:36.457149
XY;50;2024-10-31;aa396176fxy396176f67z;SYS;708;;2018-01-07;2017-10-16;;;;;EUR;458.95;2018-01-07;0.0;;0.0;N;N;2025-04-24 17:16:36.457149;2025-04-24 17:16:36.457149
XY;50;2024-10-31;a9f97143dxyf97143d89z;SYS;708;;2024-01-03;2023-11-21;2023-11-16;2024-01-03;35175.0;;EUR;39274.09;2024-01-03;27697.42;;0.0;N;N;2025-04-24 17:16:36.457149;2025-04-24 17:16:36.457149
XY;50;2024-10-31;aee9e0ab6xye9e0ab62dz;SYS;708;;2018-10-04;2018-01-16;;;;;EUR;;;143.97;;0.0;N;N;2025-04-24 17:16:36.457149;2025-04-24 17:16:36.457149
XY;50;2024-10-31;a6620c103xy620c103acz;SYS;708;;2024-08-13;2024-08-13;;;;;EUR;;;47451.21;;0.0;N;N;2025-04-24 17:16:36.457149;2025-04-24 17:16:36.457149
XY;50;2024-10-31;a37222b66xy7222b66eez;SYS;708;;2016-04-13;2015-01-27;;2015-01-28;21758.0;;EUR;21967.61;2016-04-13;0.0;;0.0;N;N;2025-04-24 17:16:36.457149;2025-04-24 17:16:36.457149
XY;50;2024-10-31;a49790bbexy9790bbe40z;SYS;708;;2017-04-25;2016-03-28;;2016-05-16;19209.0;;EUR;23734.56;2017-04-25;0.0;;0.0;N;N;2025-04-24 17:16:36.457149;2025-04-24 17:16:36.457149
XY;50;2024-10-31;abb48eaa4xyb48eaa495z;SYS;708;;2024-09-30;2024-04-15;2024-04-25;2024-09-30;33763.8;;EUR;33742.24;2024-09-30;9340.64;;0.0;N;N;2025-04-24 17:16:36.457149;2025-04-24 17:16:36.457149
XY;50;2024-10-31;a830de4a0xy30de4a0bdz;SYS;708;;2018-08-27;2018-08-09;;;;;EUR;;;20.93;;0.0;N;N;2025-04-24 17:16:36.457149;2025-04-24 17:16:36.457149
XY;50;2024-10-31;a802e963exy02e963e3fz;SYS;8204;;2024-04-17;2024-04-17;;2021-01-06;6028.28;;EUR;0.0;;0.0;;0.0;N;N;2025-04-30 08:18:15.017003;2025-04-30 08:18:15.017003
XY;50;2024-10-31;a8334bc40xy334bc40cez;SYS;708;;2013-04-24;2013-02-12;2012-10-15;2013-02-12;24585.0;;EUR;25527.41;2013-04-24;12995.21;;0.0;N;N;2025-04-24 17:16:36.457149;2025-04-24 17:16:36.457149
XY;50;2024-10-31;a209d5f6axy09d5f6ad4z;SYS;709;0.0;2011-10-31;2011-10-31;;2010-03-25;32400.0;;EUR;0.0;;77.48;;0.0;N;N;2025-04-23 13:47:00.001639;2025-04-23 13:47:00.001639
XY;50;2024-10-31;a5fae64f2xyfae64f2ebz;SYS;3279;0.0;2024-01-22;2024-01-22;;;;;EUR;0.0;;0.27;;0.0;N;N;2025-04-23 13:47:00.001639;2025-04-23 13:47:00.001639
XY;50;2024-10-31;a8bffda72xybffda7282z;SYS;708;;2018-11-11;2018-09-12;;;;;EUR;;;14444.64;;0.0;N;N;2025-04-24 17:16:36.457149;2025-04-24 17:16:36.457149
XY;50;2024-10-31;a3579d8e4xy579d8e458z;SYS;708;;2016-04-30;2012-02-01;2012-02-01;;;;EUR;22900.0;2016-04-30;1150.51;;0.0;N;N;2025-04-24 17:16:36.457149;2025-04-24 17:16:36.457149
XY;50;2024-10-31;ac000a40dxy000a40de6z;SYS;708;;2024-09-30;2022-06-15;;;;;EUR;0.0;;733.48;;0.0;N;N;2025-04-24 17:16:36.457149;2025-04-24 17:16:36.457149
XY;50;2024-10-31;a077871d0xy77871d06bz;SYS;708;;2024-06-17;2024-02-09;;;;;EUR;841.18;2024-06-17;7435.21;;0.0;N;N;2025-04-24 17:16:36.457149;2025-04-24 17:16:36.457149
XY;50;2024-10-31;a64500d55xy4500d557az;SYS;708;;2023-12-03;2022-09-23;;;;;EUR;29052.02;2023-09-13;450.0;;0.0;N;N;2025-04-24 17:16:36.457149;2025-04-24 17:16:36.457149
XY;50;2024-10-31;affdb96bbxyfdb96bb40z;SYS;708;;2023-12-13;2023-12-12;;;;;EUR;;;718.94;;0.0;N;N;2025-04-24 17:16:36.457149;2025-04-24 17:16:36.457149
XY;50;2024-10-31;af037999fxy037999fe9z;SYS;708;;2017-01-09;2015-12-29;;2016-01-12;32905.0;;EUR;34100.82;2017-01-09;0.0;;0.0;N;N;2025-04-24 17:16:36.457149;2025-04-24 17:16:36.457149
XY;50;2024-10-31;a2f5713b6xyf5713b606z;SYS;708;;2015-04-30;2013-12-01;2013-12-01;;;;EUR;19000.66;2015-04-30;14974.68;;0.0;N;N;2025-04-24 17:16:36.457149;2025-04-24 17:16:36.457149
XY;50;2024-10-31;a255e550bxy55e550b33z;SYS;708;;2020-02-16;2019-12-18;2019-10-24;2020-02-14;16387.0;;EUR;16387.0;2020-02-14;6331.27;;0.0;N;N;2025-04-24 17:16:36.457149;2025-04-24 17:16:36.457149
XY;50;2024-10-31;ae65e3affxy65e3affd6z;SYS;708;;2020-08-16;2019-10-09;;;;;EUR;453.4;2020-08-16;0.0;;0.0;N;N;2025-04-24 17:16:36.457149;2025-04-24 17:16:36.457149
XY;50;2024-10-31;aaa21cb7exya21cb7e35z;SYS;708;;2014-10-06;2014-08-07;;2014-09-18;30169.09;;EUR;30169.09;2014-09-18;9125.0;;0.0;N;N;2025-04-24 17:16:36.457149;2025-04-24 17:16:36.457149
XY;50;2024-10-31;ab10a7d6dxy10a7d6dbbz;SYS;709;0.0;2016-06-23;2016-06-23;;;;;EUR;0.0;;0.1;;0.0;N;N;2025-04-23 13:47:00.001639;2025-04-23 13:47:00.001639
XY;50;2024-10-31;a77f63c10xy7f63c1028z;SYS;708;;2018-01-23;2008-07-21;2008-06-10;2008-07-21;35935.0;;EUR;35935.0;2018-01-23;5588.55;;0.0;N;N;2025-04-24 17:16:36.457149;2025-04-24 17:16:36.457149
XY;50;2024-10-31;a047d2137xy47d2137e0z;SYS;708;;2019-09-30;2019-06-10;;;;;EUR;;;66.34;;0.0;N;N;2025-04-24 17:16:36.457149;2025-04-24 17:16:36.457149
XY;50;2024-10-31;a1d095057xyd0950572dz;SYS;708;;2016-05-15;2016-03-03;2016-03-03;2016-05-13;27415.0;;EUR;27365.0;2016-05-15;6272.47;;0.0;N;N;2025-04-24 17:16:36.457149;2025-04-24 17:16:36.457149
XY;50;2024-10-31;a4194da2fxy194da2f6fz;SYS;708;;2018-02-25;2017-12-26;;;;;EUR;;;-0.01;;0.0;N;N;2025-04-24 17:16:36.457149;2025-04-24 17:16:36.457149
XY;50;2024-10-31;a8d5609acxyd5609ac36z;SYS;708;;2022-08-24;2022-05-13;;;;;EUR;;;470.16;;0.0;N;N;2025-04-24 17:16:36.457149;2025-04-24 17:16:36.457149
XY;50;2024-10-31;a020d1b0exy20d1b0e6bz;SYS;708;;2020-10-29;2020-06-12;;;;;EUR;;;44.08;;0.0;N;N;2025-04-24 17:16:36.457149;2025-04-24 17:16:36.457149
XY;50;2024-10-31;a62a71bdbxy2a71bdb4ez;SYS;708;;2024-06-27;2024-06-27;2024-06-24;2024-10-11;5810.0;;EUR;5810.0;2024-10-11;11205.72;;5806.69;N;N;2025-04-24 17:16:36.457149;2025-04-24 17:16:36.457149
XY;50;2024-10-31;a99809424xy98094243dz;SYS;708;;2016-12-15;2016-05-16;;2016-07-27;22883.53;;EUR;25783.71;2016-12-15;0.0;;0.0;N;N;2025-04-24 17:16:36.457149;2025-04-24 17:16:36.457149
XY;50;2024-10-31;ab79669b1xy79669b191z;SYS;1042;;2020-03-05;2020-03-05;;;;TOTAL;EUR;;;12.0;;0.0;N;N;2025-05-15 09:00:37.483636;2025-05-15 09:00:37.483636
XY;50;2024-10-31;aaaf7af64xyaf7af64c4z;SYS;708;;2019-11-28;2018-03-29;;;;;EUR;367.7;2019-11-28;153.41;;0.0;N;N;2025-04-24 17:16:36.457149;2025-04-24 17:16:36.457149
XY;50;2024-10-31;a82567a33xy2567a33a4z;SYS;708;;2017-03-01;2016-04-18;;2016-04-19;27975.0;;EUR;29467.62;2017-03-01;589.28;;0.0;N;N;2025-04-24 17:16:36.457149;2025-04-24 17:16:36.457149
XY;50;2024-10-31;a39729647xy9729647acz;SYS;708;;2024-09-16;2024-05-17;2024-07-02;;;;EUR;;;-980.79;;0.0;N;N;2025-04-24 17:16:36.457149;2025-04-24 17:16:36.457149
XY;50;2024-10-31;a2a90d34exya90d34ecez;SYS;1042;;2011-02-14;2011-02-14;2009-06-01;2009-09-10;6200.0;TOTAL;EUR;;;17385.04;;0.0;N;N;2025-05-15 09:00:37.483636;2025-05-15 09:00:37.483636
XY;50;2024-10-31;adae9698axyae9698acdz;SYS;708;;2021-02-22;2017-10-06;;;;;EUR;;;107.36;;0.0;N;N;2025-04-24 17:16:36.457149;2025-04-24 17:16:36.457149
XY;50;2024-10-31;ad9188012xy918801205z;SYS;8204;;2021-04-16;2021-04-16;;2021-02-16;18200.0;;EUR;0.0;;-1771.27;;-1771.27;N;N;2025-04-30 08:18:15.017003;2025-04-30 08:18:15.017003
XY;50;2024-10-31;a4a0e5feaxya0e5fea2fz;SYS;8204;;2014-12-23;2014-12-23;;2014-08-05;16025.0;;EUR;0.0;;22038.57;;22038.57;N;N;2025-04-30 08:18:15.017003;2025-04-30 08:18:15.017003
XY;50;2024-10-31;aa6b0878axy6b0878ab5z;SYS;708;;2013-02-25;2012-11-05;;2013-02-22;20969.4;;EUR;20969.4;2013-02-22;8909.75;;0.0;N;N;2025-04-24 17:16:36.457149;2025-04-24 17:16:36.457149
XY;50;2024-10-31;a57e83376xy7e8337674z;SYS;708;;2019-09-25;2019-07-30;;;;;EUR;;;0.78;;0.0;N;N;2025-04-24 17:16:36.457149;2025-04-24 17:16:36.457149
XY;50;2024-10-31;a8268d426xy268d42699z;SYS;708;;2018-10-30;2018-08-31;;;;;EUR;;;718.44;;0.0;N;N;2025-04-24 17:16:36.457149;2025-04-24 17:16:36.457149
XY;50;2024-10-31;a1630293exy630293ed2z;SYS;1042;;2013-10-08;2007-05-07;;;;TOTAL;EUR;6336.25;2013-10-08;18.96;;0.0;N;N;2025-05-15 09:00:37.483636;2025-05-15 09:00:37.483636
XY;50;2024-10-31;a998c0a29xy98c0a2904z;SYS;708;;2017-01-25;2016-12-19;2016-12-16;2017-01-25;17470.0;;EUR;17470.0;2017-01-25;18409.59;;0.0;N;N;2025-04-24 17:16:36.457149;2025-04-24 17:16:36.457149
XY;50;2024-10-31;a88b0454exy8b0454e4bz;SYS;708;;2018-01-29;2017-09-11;;;;;EUR;;;53.13;;0.0;N;N;2025-04-24 17:16:36.457149;2025-04-24 17:16:36.457149
XY;50;2024-10-31;a17b19c6fxy7b19c6feez;SYS;708;;2021-09-21;2021-06-21;;;;;EUR;-595.0;2021-09-21;0.0;;0.0;N;N;2025-04-24 17:16:36.457149;2025-04-24 17:16:36.457149
XY;50;2024-10-31;ac4357787xy435778730z;SYS;708;;2018-07-15;2018-04-16;;;;;EUR;578.0;2018-07-15;0.0;;0.0;N;N;2025-04-24 17:16:36.457149;2025-04-24 17:16:36.457149
XY;50;2024-10-31;af2b99d82xy2b99d82cbz;SYS;708;;2014-02-04;2011-08-11;;;;;EUR;44272.92;2012-07-13;43724.1;;0.0;N;N;2025-04-24 17:16:36.457149;2025-04-24 17:16:36.457149
XY;50;2024-10-31;aa6ffbb11xy6ffbb11f9z;SYS;708;;2023-09-13;2023-09-13;;;;;EUR;;;253.93;;0.0;N;N;2025-04-24 17:16:36.457149;2025-04-24 17:16:36.457149
XY;50;2024-10-31;a364d69fcxy64d69fc3dz;SYS;708;;2016-09-15;2016-05-23;;2016-05-25;25566.0;;EUR;26470.21;2016-09-15;0.01;;0.0;N;N;2025-04-24 17:16:36.457149;2025-04-24 17:16:36.457149
XY;50;2024-10-31;a5c5e9f9exyc5e9f9ec7z;SYS;1042;;2024-04-15;;2024-02-14;2024-04-15;3340.0;TOTAL;EUR;;;;;;N;N;2025-05-15 09:00:37.483636;2025-05-15 09:00:37.483636
XY;50;2024-10-31;ac98b751exy98b751e12z;SYS;708;;2019-03-26;2019-01-23;;;;;EUR;243.75;2019-03-26;0.0;;0.0;N;N;2025-04-24 17:16:36.457149;2025-04-24 17:16:36.457149
XY;50;2024-10-31;a01bf6301xy1bf63010bz;SYS;709;0.0;2013-12-17;2012-02-06;2011-12-19;2012-02-06;23750.0;;EUR;23791.48;2013-12-17;5086.33;;0.0;N;N;2025-04-23 13:47:00.001639;2025-04-23 13:47:00.001639
XY;50;2024-10-31;a4243187exy243187e47z;SYS;708;;2024-06-19;2024-02-13;;;;;EUR;24000.0;2024-06-19;12069.02;;0.0;N;N;2025-04-24 17:16:36.457149;2025-04-24 17:16:36.457149
XY;50;2024-10-31;ad1671eacxy1671eacbez;SYS;708;;2021-09-22;2006-09-01;2006-07-01;2006-09-01;8551.4;;EUR;8551.4;2006-09-01;14730.5;;0.0;N;N;2025-04-24 17:16:36.457149;2025-04-24 17:16:36.457149
XY;50;2024-10-31;a8f16347dxyf16347d0cz;SYS;708;;2016-05-11;2016-03-11;;2016-05-11;21905.81;;EUR;23045.0;2016-05-11;-595.0;;0.0;N;N;2025-04-24 17:16:36.457149;2025-04-24 17:16:36.457149
XY;50;2024-10-31;a4b4cdba8xyb4cdba8f9z;SYS;1042;;2022-11-02;2022-11-02;;;;TOTAL;EUR;;;7.5;;0.0;N;N;2025-05-15 09:00:37.483636;2025-05-15 09:00:37.483636
XY;50;2024-10-31;a3e428bbbxye428bbbcaz;SYS;708;;2018-03-13;2018-02-07;;;;;EUR;27.76;2018-03-13;0.0;;0.0;N;N;2025-04-24 17:16:36.457149;2025-04-24 17:16:36.457149
XY;50;2024-10-31;ac06c7750xy06c775030z;SYS;709;0.0;2024-06-20;2024-06-20;;;;;EUR;0.0;;0.13;;0.0;N;N;2025-04-23 13:47:00.001639;2025-04-23 13:47:00.001639
XY;50;2024-10-31;a7411a4a7xy411a4a776z;SYS;3279;0.0;2018-05-10;2018-05-10;;;;;EUR;0.0;;0.01;;0.0;N;N;2025-04-23 13:47:00.001639;2025-04-23 13:47:00.001639
XY;50;2024-10-31;a9d8b5d5dxyd8b5d5d0dz;SYS;708;;2020-04-29;2019-03-11;;;;;EUR;;;143.47;;0.0;N;N;2025-04-24 17:16:36.457149;2025-04-24 17:16:36.457149
XY;50;2024-10-31;a5c390c05xyc390c05f8z;SYS;708;;2019-07-29;2018-02-26;;;;;EUR;;;862.4;;0.0;N;N;2025-04-24 17:16:36.457149;2025-04-24 17:16:36.457149
XY;50;2024-10-31;ae817213exy817213eb8z;SYS;3279;0.0;2023-07-10;2023-07-10;;;;;EUR;0.0;;0.07;;0.0;N;N;2025-04-23 13:47:00.001639;2025-04-23 13:47:00.001639
XY;50;2024-10-31;a8c0add3axyc0add3abbz;SYS;708;;2021-03-09;2019-10-18;;;;;EUR;11326.56;2021-03-09;0.0;;0.0;N;N;2025-04-24 17:16:36.457149;2025-04-24 17:16:36.457149
XY;50;2024-10-31;ad7ba8467xy7ba8467b7z;SYS;708;;2024-04-15;2024-03-12;2024-03-12;;;;EUR;0.0;2024-04-15;0.0;;0.0;N;N;2025-04-24 17:16:36.457149;2025-04-24 17:16:36.457149
XY;50;2025-04-30;aa5012fcfxy5012fcf13z;SYS;2287;;2009-04-30;2009-04-30;2008-11-26;2009-03-10;5200.0;TOTAL;EUR;0.0;;15578.09;;0.0;N;N;2025-05-15 08:36:24.621918;2025-05-15 08:36:24.621918
XY;50;2024-10-31;a25210ad0xy5210ad0f8z;SYS;8204;;2024-10-29;2021-07-12;;2021-03-17;20750.0;;EUR;0.0;;4963.05;;4963.05;N;N;2025-04-30 08:18:15.017003;2025-04-30 08:18:15.017003
XY;50;2024-10-31;a4d183789xyd18378993z;SYS;708;;2021-07-19;2020-11-23;;;;;EUR;;;517.5;;0.0;N;N;2025-04-24 17:16:36.457149;2025-04-24 17:16:36.457149
XY;50;2024-10-31;a030feab9xy30feab9a1z;SYS;708;;2023-06-09;2023-06-09;;;;;EUR;;;-342.05;;0.0;N;N;2025-04-24 17:16:36.457149;2025-04-24 17:16:36.457149
XY;50;2024-10-31;a45eca586xy5eca586fbz;SYS;708;;2017-10-08;2017-07-20;;;;;EUR;169.4;2017-10-08;0.0;;0.0;N;N;2025-04-24 17:16:36.457149;2025-04-24 17:16:36.457149
XY;50;2024-10-31;af93eeaabxy93eeaaba8z;SYS;708;;2021-10-03;2021-01-04;;;;;EUR;-40.89;2021-10-03;0.0;;0.0;N;N;2025-04-24 17:16:36.457149;2025-04-24 17:16:36.457149
XY;50;2024-10-31;a424db038xy24db038a9z;SYS;708;;2024-07-11;2024-07-11;;;;;EUR;;;82.48;;0.0;N;N;2025-04-24 17:16:36.457149;2025-04-24 17:16:36.457149
XY;50;2024-10-31;ae153ea1fxy153ea1f7fz;SYS;708;;2018-03-31;2018-02-21;;;;;EUR;;;19.17;;0.0;N;N;2025-04-24 17:16:36.457149;2025-04-24 17:16:36.457149
XY;50;2024-10-31;a173f868bxy73f868b4az;SYS;708;;2016-11-07;2016-01-05;;2016-02-08;43500.0;;EUR;43822.32;2016-11-07;160.93;;0.0;N;N;2025-04-24 17:16:36.457149;2025-04-24 17:16:36.457149
XY;50;2024-10-31;a7b7e484fxyb7e484f2az;SYS;708;;2021-02-16;2020-07-31;;;;;EUR;249.11;2021-02-16;0.0;;0.0;N;N;2025-04-24 17:16:36.457149;2025-04-24 17:16:36.457149
XY;50;2024-10-31;aebd505a9xybd505a98bz;SYS;708;;2016-06-13;2016-04-14;;2016-04-19;21250.0;;EUR;21456.49;2016-06-13;-206.49;;0.0;N;N;2025-04-24 17:16:36.457149;2025-04-24 17:16:36.457149
XY;50;2024-10-31;ac7243328xy724332839z;SYS;708;;2017-10-04;2017-06-27;2017-06-24;2017-10-04;22047.0;;EUR;22082.19;2017-10-04;5290.9;;0.0;N;N;2025-04-24 17:16:36.457149;2025-04-24 17:16:36.457149
XY;50;2024-09-30;acf4b002fxyf4b002f60z;SYS;3250;;2023-02-27;2023-02-27;;;0.0;EARLY_SETTLEMENT;EUR;0.0;;1146495.82;;1146495.82;N;N;2025-05-14 12:09:26.976003;2025-05-14 12:09:26.976003
XY;50;2024-10-31;a043af3b0xy43af3b086z;SYS;708;;2012-07-18;2012-06-18;;2012-07-02;20955.3;;EUR;20963.24;2012-07-03;0.0;;0.0;N;N;2025-04-24 17:16:36.457149;2025-04-24 17:16:36.457149
XY;50;2024-10-31;a8f47d8f9xyf47d8f96fz;SYS;708;;2024-05-08;2024-05-08;;;;;EUR;;;36675.9;;0.0;N;N;2025-04-24 17:16:36.457149;2025-04-24 17:16:36.457149
XY;50;2025-04-30;abb08ce83xyb08ce8376z;SYS;2287;;2011-12-23;2011-12-23;;;0.0;TOTAL;EUR;0.0;;50.0;;0.0;N;N;2025-05-15 08:36:24.621918;2025-05-15 08:36:24.621918
XY;50;2024-10-31;a463ae629xy63ae629e7z;SYS;708;;2018-09-10;2017-05-03;;;;;EUR;3696.48;2018-09-10;147.64;;0.0;N;N;2025-04-24 17:16:36.457149;2025-04-24 17:16:36.457149
XY;50;2024-10-31;acd1c6860xyd1c686099z;SYS;708;;2017-09-18;2015-12-29;;2016-04-12;4250.0;;EUR;4250.0;2016-04-12;222.69;;0.0;N;N;2025-04-24 17:16:36.457149;2025-04-24 17:16:36.457149
XY;50;2024-10-31;aad1a5945xyd1a594541z;SYS;708;;2022-10-23;2022-02-17;2021-09-27;2022-03-29;56959.0;;EUR;63362.91;2022-10-23;1010.76;;0.0;N;N;2025-04-24 17:16:36.457149;2025-04-24 17:16:36.457149
XY;50;2024-10-31;a4fe7ec97xyfe7ec97e7z;SYS;708;;2021-05-10;2020-07-06;;;;;EUR;873.96;2021-05-10;694.6;;0.0;N;N;2025-04-24 17:16:36.457149;2025-04-24 17:16:36.457149
XY;50;2024-10-31;a1eee1d7fxyeee1d7f01z;SYS;709;0.0;2020-07-14;2020-07-14;;;;;EUR;0.0;;48.93;;0.0;N;N;2025-04-23 13:47:00.001639;2025-04-23 13:47:00.001639
XY;50;2024-10-31;a8d6ca021xyd6ca0219bz;SYS;709;0.0;2017-06-30;2017-05-26;2017-05-26;2017-06-30;19500.0;;EUR;19500.0;2017-06-30;8297.98;;0.0;N;N;2025-04-23 13:47:00.001639;2025-04-23 13:47:00.001639
XY;50;2024-10-31;a497aa21cxy97aa21ca4z;SYS;708;;2016-03-09;2015-07-02;;2015-07-09;29235.0;;EUR;29720.95;2016-03-09;0.0;;0.0;N;N;2025-04-24 17:16:36.457149;2025-04-24 17:16:36.457149
XY;50;2024-10-31;a0cf80698xycf8069890z;SYS;708;;2016-10-31;2015-03-03;;2015-03-03;23366.0;;EUR;23747.35;2016-10-31;0.01;;0.0;N;N;2025-04-24 17:16:36.457149;2025-04-24 17:16:36.457149
XY;50;2024-10-31;a0b4f3a34xyb4f3a34b4z;SYS;708;;2017-04-04;2017-02-03;;;;;EUR;;;1337.4;;0.0;N;N;2025-04-24 17:16:36.457149;2025-04-24 17:16:36.457149
XY;50;2024-10-31;ab8af74caxy8af74ca2fz;SYS;708;;2016-11-24;2016-10-17;2016-10-13;2016-11-23;15838.0;;EUR;15845.75;2016-11-24;16340.12;;0.0;N;N;2025-04-24 17:16:36.457149;2025-04-24 17:16:36.457149
XY;50;2024-10-31;a90de1411xy0de141197z;SYS;708;;2016-09-18;2015-10-02;;2015-11-10;31200.0;;EUR;31928.56;2016-09-18;0.0;;0.0;N;N;2025-04-24 17:16:36.457149;2025-04-24 17:16:36.457149
XY;50;2024-10-31;a3193d6ddxy193d6ddc5z;SYS;708;;2017-12-04;2017-07-19;2017-07-19;2017-10-23;33200.4;;EUR;35500.4;2017-12-04;30062.88;;0.0;N;N;2025-04-24 17:16:36.457149;2025-04-24 17:16:36.457149
XY;50;2024-10-31;a083a2ca5xy83a2ca5acz;SYS;708;;2019-08-04;2015-12-29;;;;;EUR;330.0;2019-08-04;330.0;;0.0;N;N;2025-04-24 17:16:36.457149;2025-04-24 17:16:36.457149
XY;50;2024-10-31;a8113ede2xy113ede267z;SYS;708;;2023-04-11;2023-04-11;;;;;EUR;;;49.42;;0.0;N;N;2025-04-24 17:16:36.457149;2025-04-24 17:16:36.457149
XY;50;2024-10-31;a4c391a72xyc391a7258z;SYS;708;;2018-09-26;2018-04-23;;;;;EUR;432.9;2018-09-26;0.0;;0.0;N;N;2025-04-24 17:16:36.457149;2025-04-24 17:16:36.457149
XY;50;2024-10-31;a67f447fexy7f447fef8z;SYS;708;;2012-05-18;2012-05-07;;2012-05-18;22030.3;;EUR;22030.3;2012-05-18;814.92;;0.0;N;N;2025-04-24 17:16:36.457149;2025-04-24 17:16:36.457149
XY;50;2024-10-31;af85050a3xy85050a360z;SYS;708;;2017-08-09;2017-02-16;;;;;EUR;;;371.53;;0.0;N;N;2025-04-24 17:16:36.457149;2025-04-24 17:16:36.457149
XY;50;2024-10-31;ab316b6d1xy316b6d1f1z;SYS;708;;2018-03-22;2016-10-26;;;;;EUR;178.48;2018-03-22;16.16;;0.0;N;N;2025-04-24 17:16:36.457149;2025-04-24 17:16:36.457149
XY;50;2024-10-31;a8fb8781cxyfb8781c2az;SYS;708;;2015-12-28;2015-07-29;;2015-08-14;37587.0;;EUR;38201.63;2015-12-28;0.0;;0.0;N;N;2025-04-24 17:16:36.457149;2025-04-24 17:16:36.457149
XY;50;2024-10-31;a64592efaxy4592efa0ez;SYS;708;;2021-09-30;2021-06-30;;;;;EUR;365.64;2021-09-30;-70.0;;0.0;N;N;2025-04-24 17:16:36.457149;2025-04-24 17:16:36.457149
XY;50;2024-10-31;a466dab16xy66dab16fdz;SYS;708;;2023-12-18;2023-05-19;;;;;EUR;;;0.0;;0.0;N;N;2025-04-24 17:16:36.457149;2025-04-24 17:16:36.457149
XY;50;2024-10-31;a794313c6xy94313c6dcz;SYS;708;;2021-09-07;2021-01-04;;;;;EUR;531.65;2021-09-07;0.0;;0.0;N;N;2025-04-24 17:16:36.457149;2025-04-24 17:16:36.457149
XY;50;2024-10-31;a5df0b16fxydf0b16f71z;SYS;708;;2018-12-04;2018-08-30;;;;;EUR;10084.44;2018-12-04;0.0;;0.0;N;N;2025-04-24 17:16:36.457149;2025-04-24 17:16:36.457149
XY;50;2025-04-30;a73fc4273xy3fc42732fz;SYS;2287;;2017-08-24;2017-08-24;2017-06-13;2017-08-22;50000.0;TOTAL;EUR;0.0;;19658.94;;0.0;N;N;2025-05-15 08:36:24.621918;2025-05-15 08:36:24.621918
XY;50;2024-10-31;a007691a4xy07691a440z;SYS;708;;2015-04-21;2015-02-13;;2015-04-01;23800.0;;EUR;23800.0;2015-04-01;303.65;;0.0;N;N;2025-04-24 17:16:36.457149;2025-04-24 17:16:36.457149
XY;50;2025-04-30;a19de571dxy9de571d59z;SYS;2287;;2009-03-10;2009-03-10;;;0.0;TOTAL;EUR;0.0;;0.01;;0.0;N;N;2025-05-15 08:36:24.621918;2025-05-15 08:36:24.621918
XY;50;2024-10-31;ad41f7071xy41f70713cz;SYS;708;;2024-05-29;2023-08-04;2023-12-05;2024-02-27;13694.0;;EUR;15892.83;2024-05-29;64781.02;;0.0;N;N;2025-04-24 17:16:36.457149;2025-04-24 17:16:36.457149
XY;50;2024-10-31;a4bb281ddxybb281dd10z;SYS;708;;2013-06-14;2013-04-04;;2013-06-14;22363.49;;EUR;22363.49;2013-06-14;657.98;;0.0;N;N;2025-04-24 17:16:36.457149;2025-04-24 17:16:36.457149
XY;50;2024-10-31;a6cece0b7xycece0b708z;SYS;708;;2018-03-31;2017-03-09;;;;;EUR;566.23;2018-03-31;0.0;;0.0;N;N;2025-04-24 17:16:36.457149;2025-04-24 17:16:36.457149
XY;50;2024-10-31;abbe874abxybe874abdaz;SYS;708;;2021-04-06;2020-08-31;2020-09-10;2021-04-06;15624.4;;EUR;16345.25;2021-04-06;12480.14;;0.0;N;N;2025-04-24 17:16:36.457149;2025-04-24 17:16:36.457149
XY;50;2024-10-31;acbbdefbaxybbdefba5fz;SYS;708;;2024-09-10;2024-09-10;;;;;EUR;3284.15;2024-10-30;0.0;;-3284.15;N;N;2025-04-24 17:16:36.457149;2025-04-24 17:16:36.457149
XY;50;2024-10-31;af7353858xy73538588dz;SYS;708;;2024-02-12;2023-12-29;;;;;EUR;;;4937.47;;0.0;N;N;2025-04-24 17:16:36.457149;2025-04-24 17:16:36.457149
XY;50;2024-10-31;a112ae884xy12ae88410z;SYS;708;;2024-02-12;2023-10-06;2023-11-07;2024-02-12;28727.0;;EUR;30292.29;2024-02-12;17457.15;;0.0;N;N;2025-04-24 17:16:36.457149;2025-04-24 17:16:36.457149
XY;50;2024-10-31;a00d3c03cxy0d3c03c6dz;SYS;708;;2024-07-08;2024-05-10;;;;;EUR;;;1570.87;;0.0;N;N;2025-04-24 17:16:36.457149;2025-04-24 17:16:36.457149
XY;50;2024-10-31;a773c4e1fxy73c4e1fddz;SYS;708;;2016-09-18;2016-01-12;;2016-01-22;25650.0;;EUR;26173.51;2016-09-18;0.0;;0.0;N;N;2025-04-24 17:16:36.457149;2025-04-24 17:16:36.457149
XY;50;2024-10-31;adbc10799xybc10799a5z;SYS;708;;2016-11-30;2016-10-25;;;;;EUR;;;449.1;;0.0;N;N;2025-04-24 17:16:36.457149;2025-04-24 17:16:36.457149
XY;50;2024-10-31;ac54c0dd0xy54c0dd0c5z;SYS;708;;2024-01-29;2023-12-21;;;;;EUR;134228.44;2024-01-29;188.92;;0.0;N;N;2025-04-24 17:16:36.457149;2025-04-24 17:16:36.457149
XY;50;2024-10-31;a72220d97xy2220d97e3z;SYS;708;;2020-08-30;2019-05-28;;;;;EUR;;;100.75;;0.0;N;N;2025-04-24 17:16:36.457149;2025-04-24 17:16:36.457149
XY;50;2024-10-31;a271abfa2xy71abfa272z;SYS;708;;2020-01-20;2016-03-11;;;;;EUR;1256.41;2020-01-20;-11.75;;0.0;N;N;2025-04-24 17:16:36.457149;2025-04-24 17:16:36.457149
XY;50;2024-10-31;a55e21350xy5e21350d4z;SYS;708;;2024-08-15;2024-08-15;;;;;EUR;;;203.99;;203.99;N;N;2025-04-24 17:16:36.457149;2025-04-24 17:16:36.457149
XY;50;2024-10-31;a526a5aeexy26a5aee92z;SYS;708;;2009-12-31;2008-07-07;;2008-09-05;20295.0;;EUR;21518.54;2009-12-31;360.0;;0.0;N;N;2025-04-24 17:16:36.457149;2025-04-24 17:16:36.457149
XY;50;2024-10-31;a7c98d002xyc98d00273z;SYS;708;;2023-12-13;2022-02-23;;;;;EUR;;;969.84;;0.0;N;N;2025-04-24 17:16:36.457149;2025-04-24 17:16:36.457149
XY;50;2024-10-31;a784e92dcxy84e92dc21z;SYS;708;;2024-09-30;2024-09-20;2024-09-19;;;;EUR;;;2849.35;;0.0;N;N;2025-04-24 17:16:36.457149;2025-04-24 17:16:36.457149
XY;50;2024-10-31;a86071445xy607144532z;SYS;708;;2020-03-10;2019-06-10;;;;;EUR;646.35;2020-03-10;0.0;;0.0;N;N;2025-04-24 17:16:36.457149;2025-04-24 17:16:36.457149
XY;50;2024-10-31;aeee64f46xyee64f46c4z;SYS;708;;2014-05-27;2014-03-10;;2014-05-27;20805.1;;EUR;20805.1;2014-05-27;305.0;;0.0;N;N;2025-04-24 17:16:36.457149;2025-04-24 17:16:36.457149
XY;50;2024-10-31;a6e03ed42xye03ed4247z;SYS;708;;2016-11-27;2016-09-29;;;;;EUR;;;70.0;;0.0;N;N;2025-04-24 17:16:36.457149;2025-04-24 17:16:36.457149
XY;50;2024-10-31;ad7c2c896xy7c2c89682z;SYS;1042;;2023-07-12;2023-07-12;;;;TOTAL;EUR;;;7.0;;0.0;N;N;2025-05-15 09:00:37.483636;2025-05-15 09:00:37.483636
XY;50;2024-10-31;a2f4b785cxyf4b785c78z;SYS;708;;2016-11-01;2016-08-15;;;;;EUR;-595.0;2016-11-01;0.0;;0.0;N;N;2025-04-24 17:16:36.457149;2025-04-24 17:16:36.457149
XY;50;2024-09-30;ab2dcaf59xy2dcaf593fz;SYS;3250;;2024-03-30;2022-06-30;;;0.0;EARLY_SETTLEMENT;EUR;312512.0;2024-03-30;0.0;;0.0;N;N;2025-05-14 12:09:26.976003;2025-05-14 12:09:26.976003
XY;50;2024-10-31;a1b63a137xyb63a13708z;SYS;708;;2017-04-18;2016-07-27;;;;;EUR;;;135.45;;0.0;N;N;2025-04-24 17:16:36.457149;2025-04-24 17:16:36.457149
XY;50;2024-10-31;a00703018xy070301816z;SYS;708;;2012-07-24;2011-07-15;;;;;EUR;28058.08;2012-07-24;15060.42;;0.0;N;N;2025-04-24 17:16:36.457149;2025-04-24 17:16:36.457149
XY;50;2024-10-31;a85034644xy50346446bz;SYS;708;;2017-01-29;2016-11-15;;;;;EUR;263.14;2017-01-29;0.0;;0.0;N;N;2025-04-24 17:16:36.457149;2025-04-24 17:16:36.457149
XY;50;2024-10-31;a9ffa4a37xyffa4a37daz;SYS;708;;2016-11-14;2016-07-25;;;;;EUR;21.34;2016-11-14;0.0;;0.0;N;N;2025-04-24 17:16:36.457149;2025-04-24 17:16:36.457149
XY;50;2024-10-31;a09fe0e65xy9fe0e6547z;SYS;708;;2024-07-22;2024-02-28;2024-02-27;;;;EUR;0.0;2024-05-06;28531.68;;0.0;N;N;2025-04-24 17:16:36.457149;2025-04-24 17:16:36.457149
XY;50;2024-10-31;a2e0c002axye0c002a87z;SYS;708;;2019-03-28;2019-01-14;;;;;EUR;1116.92;2019-03-28;0.0;;0.0;N;N;2025-04-24 17:16:36.457149;2025-04-24 17:16:36.457149
XY;50;2024-10-31;a53523dc7xy3523dc7ffz;SYS;3279;0.0;2024-06-25;2024-06-25;;;;;EUR;0.0;;0.46;;0.0;N;N;2025-04-23 13:47:00.001639;2025-04-23 13:47:00.001639
XY;50;2024-10-31;aa9fc84abxy9fc84ab10z;SYS;708;;2008-03-04;2008-02-22;;2008-03-04;32100.5;;EUR;32100.5;2008-03-04;3268.44;;0.0;N;N;2025-04-24 17:16:36.457149;2025-04-24 17:16:36.457149
XY;50;2024-10-31;aa8e6665cxy8e6665c18z;SYS;708;;2020-01-31;2020-01-01;;;;;EUR;;;1.79;;0.0;N;N;2025-04-24 17:16:36.457149;2025-04-24 17:16:36.457149
XY;50;2024-10-31;a1a039247xya03924736z;SYS;708;;2024-04-25;2022-08-05;;;;;EUR;0.0;;11098.8;;0.0;N;N;2025-04-24 17:16:36.457149;2025-04-24 17:16:36.457149
XY;50;2024-10-31;aae0c5ad5xye0c5ad573z;SYS;708;;2020-04-15;2020-01-31;;;;;EUR;-2509.08;2020-04-15;0.0;;0.0;N;N;2025-04-24 17:16:36.457149;2025-04-24 17:16:36.457149
XY;50;2024-10-31;ac5f24234xy5f24234bfz;SYS;708;;2016-10-23;2010-09-13;;;;;EUR;2061.33;2016-08-15;1.0;;0.0;N;N;2025-04-24 17:16:36.457149;2025-04-24 17:16:36.457149
XY;50;2024-10-31;a9be9da9bxybe9da9bf1z;SYS;708;;2019-10-20;2019-07-12;;;;;EUR;1929.99;2019-10-20;0.0;;0.0;N;N;2025-04-24 17:16:36.457149;2025-04-24 17:16:36.457149
XY;50;2024-10-31;a72561e6fxy2561e6f63z;SYS;708;;2016-02-02;2015-11-25;;2016-01-13;6730.0;;EUR;7028.22;2016-02-02;0.0;;0.0;N;N;2025-04-24 17:16:36.457149;2025-04-24 17:16:36.457149
XY;50;2024-10-31;a8a5e0387xya5e0387fdz;SYS;708;;2018-12-20;2018-01-05;;;;;EUR;136.12;2018-12-20;0.0;;0.0;N;N;2025-04-24 17:16:36.457149;2025-04-24 17:16:36.457149
XY;50;2025-04-30;af6ae68f0xy6ae68f0abz;SYS;2287;;2022-10-10;2022-10-10;;;0.0;TOTAL;EUR;0.0;;50.0;;0.0;N;N;2025-05-15 08:36:24.621918;2025-05-15 08:36:24.621918
XY;50;2024-10-31;a6b5488c9xyb5488c942z;SYS;708;;2014-03-31;2014-03-11;;;;;EUR;;;-36.46;;0.0;N;N;2025-04-24 17:16:36.457149;2025-04-24 17:16:36.457149
XY;50;2024-10-31;a2efa02e4xyefa02e443z;SYS;708;;2021-06-03;2021-04-15;;;;;EUR;1219.14;2021-06-03;0.0;;0.0;N;N;2025-04-24 17:16:36.457149;2025-04-24 17:16:36.457149
XY;50;2025-04-30;a2704f064xy704f064bdz;SYS;2287;;2019-05-20;2019-05-20;;;0.0;TOTAL;EUR;0.0;;43.37;;0.0;N;N;2025-05-15 08:36:24.621918;2025-05-15 08:36:24.621918
XY;50;2024-10-31;a2a2e90f7xya2e90f7b5z;SYS;708;;2022-11-10;2022-10-13;;2022-11-10;33024.0;;EUR;33024.0;2022-11-10;63.38;;0.0;N;N;2025-04-24 17:16:36.457149;2025-04-24 17:16:36.457149
XY;50;2025-04-30;a830c3613xy30c3613a0z;SYS;2287;;2022-02-15;2022-02-15;;;0.0;TOTAL;EUR;0.0;;1.73;;0.0;N;N;2025-05-15 08:36:24.621918;2025-05-15 08:36:24.621918
XY;50;2025-04-30;a414e7072xy14e7072a0z;SYS;2287;;2014-02-27;2013-11-06;2013-10-28;2013-11-01;0.91;SKIP;EUR;9206.41;2014-02-27;40558.21;;0.0;N;N;2025-05-15 08:36:24.621918;2025-05-15 08:36:24.621918
XY;50;2024-10-31;a333a4818xy33a481826z;SYS;708;;2016-03-14;2016-03-14;2016-01-21;2016-03-14;28873.0;;EUR;28873.0;2016-03-14;7252.31;;0.0;N;N;2025-04-24 17:16:36.457149;2025-04-24 17:16:36.457149
XY;50;2024-09-30;abd06b97fxyd06b97f6cz;SYS;3250;;2017-03-31;2017-03-31;;;0.0;EARLY_SETTLEMENT;EUR;0.0;;19479.74;;19479.74;N;N;2025-05-14 12:09:26.976003;2025-05-14 12:09:26.976003
XY;50;2024-10-31;afa589cc0xya589cc039z;SYS;708;;2017-08-09;2017-03-27;;;;;EUR;;;4307.65;;0.0;N;N;2025-04-24 17:16:36.457149;2025-04-24 17:16:36.457149
XY;50;2024-10-31;ab3f05d63xy3f05d63e6z;SYS;708;;2016-07-07;2016-02-08;;2016-02-25;25773.89;;EUR;25773.89;2016-02-25;1830.11;;0.0;N;N;2025-04-24 17:16:36.457149;2025-04-24 17:16:36.457149
XY;50;2024-10-31;a354eaeabxy54eaeabc5z;SYS;708;;2009-10-16;2009-08-25;;2009-10-16;29441.5;;EUR;30555.06;2009-10-16;2736.52;;0.0;N;N;2025-04-24 17:16:36.457149;2025-04-24 17:16:36.457149
XY;50;2024-10-31;ac2ec7a8bxy2ec7a8b43z;SYS;708;;2016-08-07;2016-06-20;;;;;EUR;-2999.4;2016-08-07;2999.4;;0.0;N;N;2025-04-24 17:16:36.457149;2025-04-24 17:16:36.457149
XY;50;2024-10-31;ac62e4112xy62e41126fz;SYS;708;;2020-02-20;2017-01-18;;;;;EUR;103.64;2020-02-20;0.0;;0.0;N;N;2025-04-24 17:16:36.457149;2025-04-24 17:16:36.457149
XY;50;2024-10-31;aebb74cfaxybb74cfae8z;SYS;708;;2021-08-19;2021-06-16;;;;;EUR;25.0;2021-08-19;0.0;;0.0;N;N;2025-04-24 17:16:36.457149;2025-04-24 17:16:36.457149
XY;50;2024-10-31;a8282e014xy282e014a7z;SYS;3279;0.0;2016-02-15;2016-02-15;;;;;EUR;0.0;;-493.66;;0.0;N;N;2025-04-23 13:47:00.001639;2025-04-23 13:47:00.001639
XY;50;2025-04-30;a8171f595xy171f59522z;SYS;2287;;2014-08-25;2014-08-25;;;0.0;TOTAL;EUR;0.0;;33.75;;0.0;N;N;2025-05-15 08:36:24.621918;2025-05-15 08:36:24.621918
XY;50;2024-10-31;aed37b534xyd37b534bez;SYS;709;0.0;2018-11-12;2018-11-12;;;;;EUR;0.0;;94.87;;0.0;N;N;2025-04-23 13:47:00.001639;2025-04-23 13:47:00.001639
XY;50;2024-10-31;a33c11bd6xy3c11bd648z;SYS;708;;2018-08-26;2018-06-12;;;;;EUR;213.29;2018-08-26;0.0;;0.0;N;N;2025-04-24 17:16:36.457149;2025-04-24 17:16:36.457149
XY;50;2024-10-31;a56f24bd0xy6f24bd069z;SYS;708;;2020-03-29;2020-01-27;;;;;EUR;;;424.85;;0.0;N;N;2025-04-24 17:16:36.457149;2025-04-24 17:16:36.457149
XY;50;2024-10-31;af8b1bac5xy8b1bac538z;SYS;708;;2023-10-29;2023-10-27;;;;;EUR;;;0.26;;0.0;N;N;2025-04-24 17:16:36.457149;2025-04-24 17:16:36.457149
XY;50;2024-10-31;a691ce2f1xy91ce2f120z;SYS;708;;2022-11-02;2022-10-31;;;;;EUR;;;-25.0;;0.0;N;N;2025-04-24 17:16:36.457149;2025-04-24 17:16:36.457149
XY;50;2024-10-31;aecc71788xycc71788c2z;SYS;708;;2009-03-10;2009-02-02;;2009-03-10;12166.56;;EUR;12166.56;2009-03-10;650.34;;0.0;N;N;2025-04-24 17:16:36.457149;2025-04-24 17:16:36.457149
XY;50;2024-10-31;ae7f95078xy7f9507888z;SYS;708;;2018-10-30;2007-10-15;2007-09-10;2007-10-15;32715.0;;EUR;32715.0;2007-10-15;16827.81;;0.0;N;N;2025-04-24 17:16:36.457149;2025-04-24 17:16:36.457149
XY;50;2024-10-31;afb689f29xyb689f29b1z;SYS;708;;2017-05-17;2017-03-03;;;;;EUR;756.0;2017-05-17;0.0;;0.0;N;N;2025-04-24 17:16:36.457149;2025-04-24 17:16:36.457149
XY;50;2024-10-31;a3273ce3fxy273ce3f2bz;SYS;1042;;2019-02-25;2019-02-25;2018-11-20;2018-12-14;4500.0;TOTAL;EUR;;;13371.29;;0.0;N;N;2025-05-15 09:00:37.483636;2025-05-15 09:00:37.483636
XY;50;2024-10-31;a586e1b36xy86e1b362cz;SYS;708;;2014-10-24;2014-09-22;;2014-10-16;21525.0;;EUR;21525.0;2014-10-16;368.74;;0.0;N;N;2025-04-24 17:16:36.457149;2025-04-24 17:16:36.457149
XY;50;2024-10-31;aee38a0ccxye38a0cc93z;SYS;708;;2023-12-18;2023-11-07;2023-11-02;2023-12-18;78498.2;;EUR;72816.0;2023-12-18;18509.84;;0.0;N;N;2025-04-24 17:16:36.457149;2025-04-24 17:16:36.457149
XY;50;2024-10-31;aa8ce06a6xy8ce06a6eez;SYS;708;;2024-05-06;2024-05-06;2024-10-22;;;;EUR;;;12684.53;;-105846.9;N;N;2025-04-24 17:16:36.457149;2025-04-24 17:16:36.457149
XY;50;2024-10-31;a9dd1b898xydd1b8985cz;SYS;708;;2016-10-12;2016-08-22;;;;;EUR;;;1287.8;;0.0;N;N;2025-04-24 17:16:36.457149;2025-04-24 17:16:36.457149
XY;50;2024-10-31;a3e65dc9axye65dc9aaez;SYS;708;;2018-07-02;2018-04-18;;;;;EUR;183.1;2018-07-02;0.0;;0.0;N;N;2025-04-24 17:16:36.457149;2025-04-24 17:16:36.457149
XY;50;2024-10-31;a2f8067d7xyf8067d7c8z;SYS;708;;2018-11-05;2018-04-11;;;;;EUR;841.67;2018-11-05;156.15;;0.0;N;N;2025-04-24 17:16:36.457149;2025-04-24 17:16:36.457149
XY;50;2024-10-31;aa41ea65axy41ea65a97z;SYS;708;;2014-06-06;2014-05-22;2014-04-04;2014-05-22;24081.8;;EUR;24312.15;2014-06-06;6626.38;;0.0;N;N;2025-04-24 17:16:36.457149;2025-04-24 17:16:36.457149
XY;50;2024-10-31;abc6553cdxyc6553cd64z;SYS;708;;2020-12-16;2020-10-29;2020-10-29;2020-12-16;28159.0;;EUR;28159.0;2020-12-16;10944.34;;0.0;N;N;2025-04-24 17:16:36.457149;2025-04-24 17:16:36.457149
XY;50;2024-10-31;acb9ec968xyb9ec9684az;SYS;1042;;2021-03-08;2010-09-24;;;;TOTAL;EUR;12938.08;2020-02-20;-10742.75;;0.0;N;N;2025-05-15 09:00:37.483636;2025-05-15 09:00:37.483636
XY;50;2024-10-31;ae54c9562xy54c956226z;SYS;708;;2022-06-20;2018-02-14;;;;;EUR;913.99;2022-06-20;0.0;;0.0;N;N;2025-04-24 17:16:36.457149;2025-04-24 17:16:36.457149
XY;50;2024-10-31;acbd2e1c3xybd2e1c3bfz;SYS;708;;2019-11-13;2019-04-03;;;;;EUR;727.26;2019-11-13;0.0;;0.0;N;N;2025-04-24 17:16:36.457149;2025-04-24 17:16:36.457149
XY;50;2024-10-31;a9ebb232exyebb232e8dz;SYS;708;;2009-09-30;2009-09-01;;2009-09-16;35330.0;;EUR;35330.0;2009-09-16;1021.44;;0.0;N;N;2025-04-24 17:16:36.457149;2025-04-24 17:16:36.457149
XY;50;2024-10-31;a5bbcb04cxybbcb04c56z;SYS;708;;2021-11-09;2021-03-05;;;;;EUR;197.03;2021-04-04;138.34;;0.0;N;N;2025-04-24 17:16:36.457149;2025-04-24 17:16:36.457149
XY;50;2024-10-31;a13fd84a9xy3fd84a908z;SYS;8204;;2017-06-30;2017-06-30;;2014-04-29;25399.48;;EUR;0.0;;-3979.95;;-3979.95;N;N;2025-04-30 08:18:15.017003;2025-04-30 08:18:15.017003
XY;50;2024-10-31;ad67ff43bxy67ff43b75z;SYS;708;;2016-05-09;2016-03-28;;2016-04-13;32500.0;;EUR;33095.0;2016-05-09;-595.0;;0.0;N;N;2025-04-24 17:16:36.457149;2025-04-24 17:16:36.457149
XY;50;2024-10-31;a41e6df25xy1e6df257az;SYS;709;0.0;2014-12-18;2014-05-08;;2014-06-12;17250.0;;EUR;17250.01;2014-12-18;0.0;;0.0;N;N;2025-04-23 13:47:00.001639;2025-04-23 13:47:00.001639
XY;50;2024-10-31;a11990cd5xy1990cd549z;SYS;708;;2022-11-07;2022-06-30;2022-08-05;2022-10-13;32151.0;;EUR;35479.99;2022-11-07;7821.08;;0.0;N;N;2025-04-24 17:16:36.457149;2025-04-24 17:16:36.457149
XY;50;2024-10-31;a0d24b885xyd24b88537z;SYS;708;;2020-05-05;2020-03-10;;;;;EUR;;;0.02;;0.0;N;N;2025-04-24 17:16:36.457149;2025-04-24 17:16:36.457149
XY;50;2024-10-31;acad2c259xyad2c259efz;SYS;708;;2021-12-13;2021-01-25;;;;;EUR;221.25;2021-12-13;0.0;;0.0;N;N;2025-04-24 17:16:36.457149;2025-04-24 17:16:36.457149
XY;50;2024-10-31;ab349ab74xy349ab7431z;SYS;708;;2023-07-20;2020-11-13;;;;;EUR;24.89;2023-07-20;0.0;;0.0;N;N;2025-04-24 17:16:36.457149;2025-04-24 17:16:36.457149
XY;50;2024-10-31;a241f317dxy41f317df5z;SYS;708;;2011-01-31;2010-08-16;;2010-10-13;29550.0;;EUR;29622.71;2011-01-31;484.82;;0.0;N;N;2025-04-24 17:16:36.457149;2025-04-24 17:16:36.457149
XY;50;2024-10-31;ab29d2f49xy29d2f4957z;SYS;708;;2016-01-22;2015-12-30;;2016-01-20;24924.0;;EUR;24924.0;2016-01-20;0.01;;0.0;N;N;2025-04-24 17:16:36.457149;2025-04-24 17:16:36.457149
XY;50;2024-10-31;a1b21b9b9xyb21b9b90bz;SYS;708;;2018-02-28;2016-12-21;;;;;EUR;1293.49;2018-02-28;0.0;;0.0;N;N;2025-04-24 17:16:36.457149;2025-04-24 17:16:36.457149
XY;50;2025-04-30;a33f764d5xy3f764d5a2z;SYS;2287;;2023-12-28;2023-12-28;;;0.0;TOTAL;EUR;0.0;;1466.85;;0.0;N;N;2025-05-15 08:36:24.621918;2025-05-15 08:36:24.621918
XY;50;2024-10-31;a22b7233exy2b7233e22z;SYS;708;;2021-12-15;2016-12-14;2016-12-14;;;;EUR;15785.14;2021-12-15;93212.13;;0.0;N;N;2025-04-24 17:16:36.457149;2025-04-24 17:16:36.457149
XY;50;2024-10-31;a33f33a90xy3f33a907fz;SYS;8204;;2019-04-15;2018-12-18;;2017-11-09;32200.0;;EUR;95.46;2019-04-15;4475.09;;4475.09;N;N;2025-04-30 08:18:15.017003;2025-04-30 08:18:15.017003
XY;50;2024-10-31;a0ceaf791xyceaf79188z;SYS;708;;2019-07-31;2019-01-22;;;;;EUR;;;585.0;;0.0;N;N;2025-04-24 17:16:36.457149;2025-04-24 17:16:36.457149
XY;50;2024-10-31;a33817ad5xy3817ad5d2z;SYS;708;;2022-12-11;2017-07-31;;;;;EUR;2335.69;2022-12-11;342.0;;0.0;N;N;2025-04-24 17:16:36.457149;2025-04-24 17:16:36.457149
XY;50;2024-10-31;aa0d55f93xy0d55f9328z;SYS;708;;2019-09-11;2018-05-31;;;;;EUR;502.37;2019-09-11;0.0;;0.0;N;N;2025-04-24 17:16:36.457149;2025-04-24 17:16:36.457149
XY;50;2024-10-31;a84db7ed1xy4db7ed18cz;SYS;708;;2011-08-30;2011-06-13;;2011-08-30;19456.0;;EUR;19477.59;2011-08-30;0.0;;0.0;N;N;2025-04-24 17:16:36.457149;2025-04-24 17:16:36.457149
XY;50;2024-10-31;ae480504axy480504a04z;SYS;708;;2023-04-30;2023-03-31;2023-03-23;2023-04-28;29874.2;;EUR;29965.49;2023-04-30;5171.87;;0.0;N;N;2025-04-24 17:16:36.457149;2025-04-24 17:16:36.457149
XY;50;2024-10-31;aa9fe825exy9fe825ec6z;SYS;708;;2024-09-03;2024-09-03;2024-08-29;;;;EUR;;;3488.75;;0.0;N;N;2025-04-24 17:16:36.457149;2025-04-24 17:16:36.457149
XY;50;2024-10-31;a2a3f9b4axya3f9b4a51z;SYS;708;;2019-08-07;2018-11-06;;;;;EUR;113.49;2019-08-07;1125.04;;0.0;N;N;2025-04-24 17:16:36.457149;2025-04-24 17:16:36.457149
XY;50;2024-10-31;a6ea8a8f9xyea8a8f9a8z;SYS;708;;2019-12-23;2017-11-14;;;;;EUR;211.46;2019-12-23;291.81;;0.0;N;N;2025-04-24 17:16:36.457149;2025-04-24 17:16:36.457149
XY;50;2025-04-30;ae1b597aexy1b597aeafz;SYS;2287;;2020-02-17;2020-02-17;;;0.0;TOTAL;EUR;0.0;;638.35;;0.0;N;N;2025-05-15 08:36:24.621918;2025-05-15 08:36:24.621918
XY;50;2024-10-31;af2277b83xy2277b8332z;SYS;708;;2019-05-21;2019-03-20;;;;;EUR;54.13;2019-05-21;3612.3;;0.0;N;N;2025-04-24 17:16:36.457149;2025-04-24 17:16:36.457149
XY;50;2024-10-31;a2efd61eaxyefd61ea7fz;SYS;708;;2023-03-16;;;;;;EUR;;;25.0;;0.0;N;N;2025-04-24 17:16:36.457149;2025-04-24 17:16:36.457149
XY;50;2024-10-31;a3465bc0cxy465bc0ca1z;SYS;708;;2018-03-19;2018-03-19;;;;;EUR;;;2843.79;;0.0;N;N;2025-04-24 17:16:36.457149;2025-04-24 17:16:36.457149
XY;50;2024-10-31;a6244ae7axy244ae7a2az;SYS;8204;;2023-11-21;2023-11-21;;2017-10-31;14118.73;;EUR;0.0;;-250.0;;-250.0;N;N;2025-04-30 08:18:15.017003;2025-04-30 08:18:15.017003
XY;50;2024-10-31;a203d14f0xy03d14f0a7z;SYS;708;;2021-01-12;2020-03-10;2020-11-17;2021-01-12;20090.0;;EUR;20100.1;2021-01-12;9025.17;;0.0;N;N;2025-04-24 17:16:36.457149;2025-04-24 17:16:36.457149
XY;50;2024-10-31;a2bad1c5exybad1c5e79z;SYS;708;;2020-06-09;2019-10-14;;;;;EUR;465.01;2020-06-09;0.0;;0.0;N;N;2025-04-24 17:16:36.457149;2025-04-24 17:16:36.457149
XY;50;2024-10-31;aa5af8ad7xy5af8ad77bz;SYS;708;;2021-04-21;2020-04-03;;;;;EUR;490.98;2021-04-21;0.0;;0.0;N;N;2025-04-24 17:16:36.457149;2025-04-24 17:16:36.457149
XY;50;2024-10-31;a84cf0a93xy4cf0a9387z;SYS;708;;2020-01-16;2017-12-20;;;;;EUR;0.0;2020-01-16;0.0;;0.0;N;N;2025-04-24 17:16:36.457149;2025-04-24 17:16:36.457149
XY;50;2024-10-31;a68a9dd68xy8a9dd6815z;SYS;708;;2021-05-26;2015-08-01;2015-08-01;;;;EUR;1475.14;2021-05-26;11986.33;;0.0;N;N;2025-04-24 17:16:36.457149;2025-04-24 17:16:36.457149
XY;50;2024-10-31;a58db0ddcxy8db0ddcf1z;SYS;708;;2020-07-07;2018-12-24;;;;;EUR;829.92;2020-07-07;0.0;;0.0;N;N;2025-04-24 17:16:36.457149;2025-04-24 17:16:36.457149
XY;50;2024-10-31;aa24ec889xy24ec88926z;SYS;708;;2019-07-22;2019-05-21;;;;;EUR;25.0;2019-07-22;0.0;;0.0;N;N;2025-04-24 17:16:36.457149;2025-04-24 17:16:36.457149
XY;50;2024-10-31;a8d80b5f0xyd80b5f0daz;SYS;3279;0.0;2023-05-01;2023-05-01;;;;;EUR;0.0;;0.06;;0.0;N;N;2025-04-23 13:47:00.001639;2025-04-23 13:47:00.001639
XY;50;2024-10-31;a02682d75xy2682d751dz;SYS;708;;2016-11-17;2016-02-01;;;;;EUR;;;779.37;;0.0;N;N;2025-04-24 17:16:36.457149;2025-04-24 17:16:36.457149
XY;50;2024-10-31;aa274a43bxy274a43be4z;SYS;709;0.0;2005-12-31;2005-12-31;2005-08-12;2005-12-16;40000.0;;EUR;0.0;;11911.55;;0.0;N;N;2025-04-23 13:47:00.001639;2025-04-23 13:47:00.001639
XY;50;2024-10-31;ad832984bxy832984b1cz;SYS;708;;2022-05-02;2021-06-01;;;;;EUR;512.3;2022-05-02;0.0;;0.0;N;N;2025-04-24 17:16:36.457149;2025-04-24 17:16:36.457149
XY;50;2024-10-31;a3518173bxy518173befz;SYS;708;;2017-11-20;2017-09-25;;;;;EUR;;;13640.23;;0.0;N;N;2025-04-24 17:16:36.457149;2025-04-24 17:16:36.457149
XY;50;2024-10-31;a147cb9f5xy47cb9f584z;SYS;708;;2024-08-05;2024-08-05;;;;;EUR;;;32486.01;;0.0;N;N;2025-04-24 17:16:36.457149;2025-04-24 17:16:36.457149
XY;50;2025-04-30;a3a462eafxya462eafd4z;SYS;2287;;2016-07-25;2016-07-25;2015-11-12;2016-07-15;31047.5;TOTAL;EUR;0.0;;0.0;;0.0;N;N;2025-05-15 08:36:24.621918;2025-05-15 08:36:24.621918
XY;50;2024-10-31;ade81df20xye81df20dez;SYS;708;;2020-08-30;2019-01-09;;;;;EUR;1212.23;2020-08-30;181.83;;0.0;N;N;2025-04-24 17:16:36.457149;2025-04-24 17:16:36.457149
XY;50;2024-10-31;a96b97881xy6b97881f9z;SYS;708;;2024-07-16;2024-01-22;;;;;EUR;38012.87;2024-07-16;0.0;;0.0;N;N;2025-04-24 17:16:36.457149;2025-04-24 17:16:36.457149
XY;50;2024-10-31;a272630efxy72630ef78z;SYS;709;0.0;2022-12-16;2022-12-16;;;;;EUR;0.0;;2204.29;;0.0;N;N;2025-04-23 13:47:00.001639;2025-04-23 13:47:00.001639
XY;50;2024-10-31;aa9776104xy9776104bcz;SYS;708;;2023-07-26;2023-07-20;;;;;EUR;;;25.0;;0.0;N;N;2025-04-24 17:16:36.457149;2025-04-24 17:16:36.457149
XY;50;2024-10-31;ae2f428d0xy2f428d0c0z;SYS;708;;2018-07-29;2018-05-18;;;;;EUR;369.66;2018-07-29;0.0;;0.0;N;N;2025-04-24 17:16:36.457149;2025-04-24 17:16:36.457149
XY;50;2024-10-31;a30534e4cxy0534e4c72z;SYS;708;;2005-10-31;2005-10-27;2005-09-06;2005-10-27;90665.0;;EUR;90665.0;2005-10-27;52123.86;;0.0;N;N;2025-04-24 17:16:36.457149;2025-04-24 17:16:36.457149
XY;50;2024-10-31;afe4609b5xye4609b53ez;SYS;708;;2016-10-06;2016-08-01;;;;;EUR;1937.45;2016-10-06;0.0;;0.0;N;N;2025-04-24 17:16:36.457149;2025-04-24 17:16:36.457149
