wos_analysis_entity;wos_delivering_entity;wos_reporting_date;wos_cms_contract_number;wos_source_system;wos_bevis_id;wos_net_loss_amount;wos_loss_date;wos_write_off_date;wos_reposession_date;wos_remarketing_date;wos_remarketing_proceeds;wos_portfolio;wos_currency;wos_recovery_amount;wos_last_recovery_date;wos_net_rv_loss_amount;wos_abs_code;wos_cal_periodnetcreditloss_amount;MGT_InsertTime;MGT_UpdateTime;MGT_ValidationStatus
XY;50;2024-10-31;ad717e974xy717e974afz;SYS;8205;-0.02;2018-06-22;2018-06-22;;;;;EUR;0.0;;;;-0.02;2025-05-12 12:35:45.666462;2025-05-12 12:35:45.666462;INVALID
XY;50;2024-10-31;a50f1a3b1xy0f1a3b1e8z;SYS;708;0.0;2016-02-11;2015-06-23;;2015-08-28;36527.68;;EUR;37286.06;2016-02-11;;;0.0;2025-04-24 15:59:53.917368;2025-04-24 15:59:53.917368;INVALID
XY;50;2024-10-31;ad8d67754xy8d67754b2z;SYS;708;26.23;2018-02-11;2018-02-09;;;;;EUR;;;;;0.0;2025-04-24 15:59:53.917368;2025-04-24 15:59:53.917368;INVALID
XY;50;2024-10-31;a0bd4f04axybd4f04adaz;SYS;708;28.95;2016-05-12;2016-05-12;;;;;EUR;;;;;0.0;2025-04-24 15:59:53.917368;2025-04-24 15:59:53.917368;INVALID
XY;50;2024-10-31;a481b6071xy81b60717az;SYS;708;3309.72;2012-12-31;2012-09-13;2012-09-13;2012-12-17;27552.0;;EUR;27552.0;2012-12-17;;;0.0;2025-04-24 15:59:53.917368;2025-04-24 15:59:53.917368;INVALID
XY;50;2024-10-31;a00bdb3d1xy0bdb3d177z;SYS;708;18700.66;2016-11-08;2016-05-03;2016-02-17;2016-11-08;24005.0;;EUR;24005.0;2016-11-08;;;0.0;2025-04-24 15:59:53.917368;2025-04-24 15:59:53.917368;INVALID
XY;50;2024-10-31;ab909c152xy909c15282z;SYS;708;8175.9;2016-06-06;2006-06-01;2006-06-01;;;;EUR;52730.08;2016-06-06;;;0.0;2025-04-24 15:59:53.917368;2025-04-24 15:59:53.917368;INVALID
XY;50;2024-10-31;abab84417xyab8441797z;SYS;708;0.02;2018-10-17;2018-10-17;;;;;EUR;;;;;0.0;2025-04-24 15:59:53.917368;2025-04-24 15:59:53.917368;INVALID
XY;50;2024-10-31;a0af42577xyaf425778fz;SYS;708;8581.32;2020-02-04;2018-08-30;2019-11-22;2020-02-04;11685.0;;EUR;11685.0;2020-02-04;;;0.0;2025-04-24 15:59:53.917368;2025-04-24 15:59:53.917368;INVALID
XY;50;2024-10-31;a8e5db79dxye5db79d97z;SYS;709;0.02;2016-06-23;2016-06-23;;;;;EUR;0.0;;0.0;;0.0;2025-04-23 12:59:44.166421;2025-04-23 12:59:44.166421;INVALID
XY;50;2024-10-31;a2ddc0f48xyddc0f4890z;SYS;709;0.05;2016-06-23;2016-06-23;;;;;EUR;0.0;;0.0;;0.0;2025-04-23 12:59:44.166421;2025-04-23 12:59:44.166421;INVALID
XY;50;2024-10-31;aeca6942dxyca6942d64z;SYS;708;-290.0;2021-04-06;2019-09-26;2020-12-23;2021-04-06;65982.0;;EUR;48498.26;2021-04-06;;;0.0;2025-04-24 15:59:53.917368;2025-04-24 15:59:53.917368;INVALID
XY;50;2024-10-31;a02e78b19xy2e78b1968z;SYS;708;-3.33;2017-03-21;2016-09-20;;;;;EUR;2703.41;2017-03-21;;;0.0;2025-04-24 15:59:53.917368;2025-04-24 15:59:53.917368;INVALID
XY;50;2024-10-31;a8be06e8axybe06e8ac3z;SYS;708;-565.1;2011-03-31;2010-11-01;2010-11-01;;;;EUR;3060.76;2011-03-31;;;0.0;2025-04-24 15:59:53.917368;2025-04-24 15:59:53.917368;INVALID
XY;50;2024-10-31;abe55b6a9xye55b6a92cz;SYS;709;-28740.24;2016-09-14;2016-09-14;;;;;EUR;0.0;;0.0;;0.0;2025-04-23 12:59:44.166421;2025-04-23 12:59:44.166421;INVALID
XY;50;2024-10-31;add56138fxyd56138f42z;SYS;709;1.21;2016-06-06;2016-06-06;;;;;EUR;0.0;;0.0;;0.0;2025-04-23 12:59:44.166421;2025-04-23 12:59:44.166421;INVALID
XY;50;2024-10-31;a4f47908axyf47908a42z;SYS;708;7866.8;2013-09-30;2011-12-05;2011-12-05;2012-05-31;19813.1;;EUR;30013.96;2013-09-30;;;0.0;2025-04-24 15:59:53.917368;2025-04-24 15:59:53.917368;INVALID
XY;50;2024-10-31;a56b023b0xy6b023b031z;SYS;708;22248.69;2009-05-31;2009-03-26;2009-03-26;2009-05-19;49775.0;;EUR;49775.0;2009-05-19;;;0.0;2025-04-24 15:59:53.917368;2025-04-24 15:59:53.917368;INVALID
XY;50;2024-10-31;ac895979cxy895979cc6z;SYS;708;17.12;2018-02-08;2018-02-08;;;;;EUR;;;;;0.0;2025-04-24 15:59:53.917368;2025-04-24 15:59:53.917368;INVALID
XY;50;2024-10-31;ab0decd24xy0decd243az;SYS;708;10159.5;2017-02-23;2016-10-31;2016-10-29;;;;EUR;164.29;2017-02-23;;;0.0;2025-04-24 15:59:53.917368;2025-04-24 15:59:53.917368;INVALID
XY;50;2025-04-30;aac3e7af9xyc3e7af9b7z;SYS;2287;11038.72;2009-07-31;2009-07-31;2009-05-15;2009-07-03;909.09;TOTAL;EUR;0.0;;;;0.0;2025-05-15 07:35:24.446421;2025-05-15 07:35:24.446421;INVALID
XY;50;2024-10-31;a7fef8128xyfef81285ez;SYS;708;-2538.37;2018-01-31;2015-08-14;2015-08-07;;;;EUR;2050.0;2017-12-25;;;0.0;2025-04-24 15:59:53.917368;2025-04-24 15:59:53.917368;INVALID
XY;50;2024-10-31;a37d64467xy7d6446714z;SYS;708;21416.88;2008-06-30;2008-02-27;2008-02-27;2008-06-19;28190.0;;EUR;28190.0;2008-06-19;;;0.0;2025-04-24 15:59:53.917368;2025-04-24 15:59:53.917368;INVALID
XY;50;2024-10-31;aa231391bxy231391b49z;SYS;708;3048.56;2013-11-30;2013-11-01;2013-09-01;2013-11-08;11455.0;;EUR;11455.0;2013-11-08;;;0.0;2025-04-24 15:59:53.917368;2025-04-24 15:59:53.917368;INVALID
XY;50;2024-10-31;a3c199718xyc19971801z;SYS;708;0.0;2018-08-20;2017-12-06;;;;;EUR;3045.62;2018-08-20;;;0.0;2025-04-24 15:59:53.917368;2025-04-24 15:59:53.917368;INVALID
XY;50;2024-10-31;ad0105bc2xy0105bc2f5z;SYS;708;17769.34;2024-09-23;2018-09-19;2018-09-19;2019-06-14;17918.28;;EUR;21596.02;2019-07-28;;;0.0;2025-04-24 15:59:53.917368;2025-04-24 15:59:53.917368;INVALID
XY;50;2024-10-31;a636428e3xy36428e3ddz;SYS;709;0.01;2016-10-24;2016-10-24;;;;;EUR;0.0;;0.0;;0.0;2025-04-23 12:59:44.166421;2025-04-23 12:59:44.166421;INVALID
XY;50;2024-10-31;afb338f57xyb338f575az;SYS;708;31480.45;2009-11-30;2009-10-02;2009-10-02;2009-11-27;146531.0;;EUR;146531.0;2009-11-27;;;0.0;2025-04-24 15:59:53.917368;2025-04-24 15:59:53.917368;INVALID
XY;50;2024-10-31;aea6e35a3xya6e35a3e1z;SYS;8205;0.0;2019-05-15;2019-05-15;;;;;EUR;0.0;;;;0.0;2025-05-12 12:35:45.666462;2025-05-12 12:35:45.666462;INVALID
XY;50;2024-10-31;aaf4dee11xyf4dee118dz;SYS;708;0.4;2018-05-07;2018-05-07;;;;;EUR;;;;;0.0;2025-04-24 15:59:53.917368;2025-04-24 15:59:53.917368;INVALID
XY;50;2024-10-31;a9a28bbacxya28bbac81z;SYS;708;10828.62;2016-11-06;2016-09-07;2016-08-25;2016-11-04;21455.0;;EUR;21455.0;2016-11-04;;;0.0;2025-04-24 15:59:53.917368;2025-04-24 15:59:53.917368;INVALID
XY;50;2024-10-31;afa7b4ea7xya7b4ea706z;SYS;708;0.0;2016-06-13;2016-04-06;2016-04-06;2016-06-10;35895.0;;EUR;76.66;2016-06-13;;;0.0;2025-04-24 15:59:53.917368;2025-04-24 15:59:53.917368;INVALID
XY;50;2024-10-31;a507873a6xy07873a65az;SYS;8205;8372.51;2019-04-12;2017-02-17;2016-12-27;2017-01-20;8500.0;;EUR;21224.44;2019-04-12;;;8372.51;2025-05-12 12:35:45.666462;2025-05-12 12:35:45.666462;INVALID
XY;50;2024-10-31;adb8a9ab5xyb8a9ab5b7z;SYS;708;-2637.9;2012-11-30;2012-11-08;;;;;EUR;;;;;0.0;2025-04-24 15:59:53.917368;2025-04-24 15:59:53.917368;INVALID
XY;50;2024-10-31;a3b8efc0exyb8efc0e37z;SYS;708;991.64;2019-03-13;2018-05-30;;;;;EUR;4069.3;2019-02-28;;;0.0;2025-04-24 15:59:53.917368;2025-04-24 15:59:53.917368;INVALID
XY;50;2024-10-31;aa63f853axy63f853ac7z;SYS;708;-573.9;2010-04-30;2007-06-26;;;;;EUR;350.0;2010-04-30;;;0.0;2025-04-24 15:59:53.917368;2025-04-24 15:59:53.917368;INVALID
XY;50;2024-10-31;ab286217exy286217e16z;SYS;708;8.17;2016-05-17;2016-05-17;;;;;EUR;;;;;0.0;2025-04-24 15:59:53.917368;2025-04-24 15:59:53.917368;INVALID
XY;50;2024-10-31;aa666bc79xy666bc79a1z;SYS;708;18542.13;2010-05-31;2010-05-01;2010-03-01;2010-05-04;21202.56;;EUR;21202.56;2010-05-04;;;0.0;2025-04-24 15:59:53.917368;2025-04-24 15:59:53.917368;INVALID
XY;50;2025-04-30;a4b8beb98xyb8beb987dz;SYS;2287;7050.0;2010-11-18;2010-11-18;;;0.0;TOTAL;EUR;0.0;;;;0.0;2025-05-15 07:35:24.446421;2025-05-15 07:35:24.446421;INVALID
XY;50;2025-04-30;ae0164f04xy0164f043dz;SYS;2287;0.01;2009-11-25;2009-11-25;;;0.0;TOTAL;EUR;0.0;;;;0.0;2025-05-15 07:35:24.446421;2025-05-15 07:35:24.446421;INVALID
XY;50;2024-10-31;a2e75003axye75003ac1z;SYS;708;12.0;2021-01-10;2018-02-09;;;;;EUR;;;;;0.0;2025-04-24 15:59:53.917368;2025-04-24 15:59:53.917368;INVALID
XY;50;2024-10-31;aca96452bxya96452b2cz;SYS;708;0.0;2017-10-24;2017-02-23;2017-02-22;2017-07-26;24400.0;;EUR;93057.24;2017-10-24;;;0.0;2025-04-24 15:59:53.917368;2025-04-24 15:59:53.917368;INVALID
XY;50;2025-04-30;a4492f27exy492f27e74z;SYS;2287;50.0;2011-07-18;2011-07-18;;;0.0;TOTAL;EUR;0.0;;;;0.0;2025-05-15 07:35:24.446421;2025-05-15 07:35:24.446421;INVALID
XY;50;2024-10-31;acaa39dd7xyaa39dd73ez;SYS;708;0.0;2016-11-24;2015-08-31;;;;;EUR;91.5;2016-11-24;;;0.0;2025-04-24 15:59:53.917368;2025-04-24 15:59:53.917368;INVALID
XY;50;2025-04-30;a1342eca4xy342eca473z;SYS;2287;12.0;2009-06-29;2009-06-29;;;0.0;TOTAL;EUR;0.0;;;;0.0;2025-05-15 07:35:24.446421;2025-05-15 07:35:24.446421;INVALID
XY;50;2024-10-31;aa81a98a0xy81a98a0bcz;SYS;708;37743.41;2009-01-31;2008-11-06;2008-11-06;2009-01-23;36475.0;;EUR;36475.0;2009-01-23;;;0.0;2025-04-24 15:59:53.917368;2025-04-24 15:59:53.917368;INVALID
XY;50;2024-10-31;a262e680fxy62e680f86z;SYS;708;10.18;2016-09-08;2016-09-08;;;;;EUR;;;;;0.0;2025-04-24 15:59:53.917368;2025-04-24 15:59:53.917368;INVALID
XY;50;2024-10-31;af49d535exy49d535e82z;SYS;708;17783.34;2010-09-30;2010-09-01;2010-09-01;;;;EUR;;;;;0.0;2025-04-24 15:59:53.917368;2025-04-24 15:59:53.917368;INVALID
XY;50;2024-10-31;a5aff5266xyaff526641z;SYS;708;6170.81;2008-09-30;2008-09-01;2008-08-01;2008-09-30;8657.0;;EUR;8657.0;2008-09-30;;;0.0;2025-04-24 15:59:53.917368;2025-04-24 15:59:53.917368;INVALID
XY;50;2024-10-31;a699cdf5fxy99cdf5ff9z;SYS;708;3220.26;2017-04-24;2016-11-30;2016-11-29;;;;EUR;;;;;0.0;2025-04-24 15:59:53.917368;2025-04-24 15:59:53.917368;INVALID
XY;50;2024-10-31;a8e6bc965xye6bc965e1z;SYS;708;62063.17;2016-12-13;2016-08-01;2016-07-25;2016-10-26;83910.0;;EUR;84719.31;2016-12-13;;;0.0;2025-04-24 15:59:53.917368;2025-04-24 15:59:53.917368;INVALID
XY;50;2024-10-31;ace29307fxye29307fccz;SYS;708;19899.0;2013-06-30;2012-08-29;2012-08-29;2013-06-13;32801.0;;EUR;32801.0;2013-06-13;;;0.0;2025-04-24 15:59:53.917368;2025-04-24 15:59:53.917368;INVALID
XY;50;2024-10-31;aa7276384xy72763843ez;SYS;708;253.85;2020-07-14;2020-07-14;;;;;EUR;;;;;0.0;2025-04-24 15:59:53.917368;2025-04-24 15:59:53.917368;INVALID
XY;50;2024-10-31;a4618be90xy618be908bz;SYS;708;13942.4;2017-06-12;2016-11-15;2016-10-12;2017-06-12;13541.0;;EUR;13541.0;2017-06-12;;;0.0;2025-04-24 15:59:53.917368;2025-04-24 15:59:53.917368;INVALID
XY;50;2024-10-31;ad8fe88f6xy8fe88f677z;SYS;708;4498.0;2015-03-26;2015-03-26;2015-02-03;2015-03-26;36690.0;;EUR;36690.0;2015-03-26;;;0.0;2025-04-24 15:59:53.917368;2025-04-24 15:59:53.917368;INVALID
XY;50;2024-10-31;a23dc3a53xy3dc3a5324z;SYS;708;-9.0;2014-05-31;2014-04-20;;;;;EUR;;;;;0.0;2025-04-24 15:59:53.917368;2025-04-24 15:59:53.917368;INVALID
XY;50;2024-10-31;aa18c6f6axy18c6f6ae2z;SYS;709;0.03;2016-07-13;2016-07-13;;;;;EUR;0.0;;0.0;;0.0;2025-04-23 12:59:44.166421;2025-04-23 12:59:44.166421;INVALID
XY;50;2024-10-31;ae2175e70xy2175e7061z;SYS;709;-1708.54;2017-03-07;2015-07-31;;;;;EUR;6802.8;2017-03-07;0.0;;0.0;2025-04-23 12:59:44.166421;2025-04-23 12:59:44.166421;INVALID
XY;50;2024-10-31;a585faa85xy85faa85ecz;SYS;708;25375.36;2008-04-30;2007-11-19;;;;;EUR;;;;;0.0;2025-04-24 15:59:53.917368;2025-04-24 15:59:53.917368;INVALID
XY;50;2024-10-31;a2c6caaffxyc6caaff7ez;SYS;708;0.43;2016-11-30;2016-11-30;;;;;EUR;;;;;0.0;2025-04-24 15:59:53.917368;2025-04-24 15:59:53.917368;INVALID
XY;50;2024-10-31;af574f7daxy574f7da74z;SYS;708;22740.54;2017-04-10;2015-02-01;2015-02-01;2017-04-10;53510.5;;EUR;53510.5;2017-04-10;;;0.0;2025-04-24 15:59:53.917368;2025-04-24 15:59:53.917368;INVALID
XY;50;2024-10-31;a1bca5453xybca545319z;SYS;708;25.99;2019-04-23;2019-04-23;;;;;EUR;;;;;0.0;2025-04-24 15:59:53.917368;2025-04-24 15:59:53.917368;INVALID
XY;50;2025-04-30;a6c4cb295xyc4cb295a1z;SYS;2287;-175.5;2011-10-17;2010-09-27;2010-09-15;2010-09-16;1.0;SKIP;EUR;4112.48;2011-10-17;;;0.0;2025-05-15 07:35:24.446421;2025-05-15 07:35:24.446421;INVALID
XY;50;2024-10-31;aac58915dxyc58915d02z;SYS;708;11063.18;2008-04-30;2008-02-20;2008-02-20;2008-04-16;13975.0;;EUR;13975.0;2008-04-16;;;0.0;2025-04-24 15:59:53.917368;2025-04-24 15:59:53.917368;INVALID
XY;50;2024-10-31;a7bc2e0fbxybc2e0fb5dz;SYS;708;-101109.4;2014-05-31;2013-07-24;;;;;EUR;;;;;0.0;2025-04-24 15:59:53.917368;2025-04-24 15:59:53.917368;INVALID
XY;50;2024-10-31;ae5700875xy570087509z;SYS;708;249.64;2017-04-30;2016-09-01;;;;;EUR;1188.76;2017-04-30;;;0.0;2025-04-24 15:59:53.917368;2025-04-24 15:59:53.917368;INVALID
XY;50;2024-10-31;a86acc6e7xy6acc6e7afz;SYS;708;46032.56;2016-03-31;2015-12-29;2015-12-29;2016-03-24;66199.67;;EUR;66199.68;2016-03-31;;;0.0;2025-04-24 15:59:53.917368;2025-04-24 15:59:53.917368;INVALID
XY;50;2024-10-31;adc20a09fxyc20a09f3cz;SYS;708;26471.3;2018-12-12;2014-09-01;2014-09-01;;;;EUR;37500.0;2018-11-19;;;0.0;2025-04-24 15:59:53.917368;2025-04-24 15:59:53.917368;INVALID
XY;50;2024-10-31;a5a74f9e7xya74f9e773z;SYS;709;1573.44;2007-04-30;2007-03-31;2007-03-29;2007-03-29;0.0;;EUR;27560.0;2007-04-30;0.0;;0.0;2025-04-23 12:59:44.166421;2025-04-23 12:59:44.166421;INVALID
XY;50;2024-10-31;a1f1f9159xyf1f91593bz;SYS;708;45516.4;2021-04-27;2017-02-21;2017-02-14;2017-03-28;15000.0;;EUR;24746.06;2018-01-04;;;0.0;2025-04-24 15:59:53.917368;2025-04-24 15:59:53.917368;INVALID
XY;50;2024-10-31;a7602db40xy602db4035z;SYS;708;31800.64;2014-11-30;2009-08-25;2009-08-25;2009-11-18;60000.0;;EUR;70640.3;2014-11-30;;;0.0;2025-04-24 15:59:53.917368;2025-04-24 15:59:53.917368;INVALID
XY;50;2024-10-31;aa81b0ee5xy81b0ee536z;SYS;708;23909.59;2010-03-10;2009-12-18;;;;;EUR;13682.71;2010-03-10;;;0.0;2025-04-24 15:59:53.917368;2025-04-24 15:59:53.917368;INVALID
XY;50;2025-04-30;acbedd7d9xybedd7d9ebz;SYS;2287;25.0;2009-11-04;2009-11-04;;;0.0;TOTAL;EUR;0.0;;;;0.0;2025-05-15 07:35:24.446421;2025-05-15 07:35:24.446421;INVALID
XY;50;2024-10-31;a25dcbc79xy5dcbc7939z;SYS;708;36.81;2021-08-03;2021-08-03;;;;;EUR;;;;;0.0;2025-04-24 15:59:53.917368;2025-04-24 15:59:53.917368;INVALID
XY;50;2024-10-31;a8ef9cc95xyef9cc9539z;SYS;709;1.34;2016-06-02;2016-06-02;;;;;EUR;0.0;;0.0;;0.0;2025-04-23 12:59:44.166421;2025-04-23 12:59:44.166421;INVALID
XY;50;2024-10-31;a3264dcd2xy264dcd2bcz;SYS;708;15148.23;2017-12-26;2017-04-24;2017-08-09;2017-12-26;8700.0;;EUR;8700.0;2017-12-26;;;0.0;2025-04-24 15:59:53.917368;2025-04-24 15:59:53.917368;INVALID
XY;50;2024-10-31;a8e92f697xye92f6978bz;SYS;708;0.25;2016-06-13;2016-06-13;;;;;EUR;;;;;0.0;2025-04-24 15:59:53.917368;2025-04-24 15:59:53.917368;INVALID
XY;50;2024-10-31;abfc4f8d5xyfc4f8d535z;SYS;708;-1864.54;2009-08-31;2007-11-02;2007-11-02;2008-10-07;177623.0;;EUR;178794.0;2009-08-31;;;0.0;2025-04-24 15:59:53.917368;2025-04-24 15:59:53.917368;INVALID
XY;50;2024-10-31;a9b9eff85xyb9eff859az;SYS;708;0.01;2016-06-14;2016-06-14;;;;;EUR;;;;;0.0;2025-04-24 15:59:53.917368;2025-04-24 15:59:53.917368;INVALID
XY;50;2024-10-31;a0b0a2215xyb0a22157dz;SYS;708;15069.22;2014-04-30;2014-04-01;2014-01-01;2014-04-08;23595.36;;EUR;23595.36;2014-04-08;;;0.0;2025-04-24 15:59:53.917368;2025-04-24 15:59:53.917368;INVALID
XY;50;2024-10-31;a6bd0f2edxybd0f2ed24z;SYS;708;51270.61;2009-06-30;2009-03-03;2009-03-03;2009-06-17;19955.0;;EUR;19955.0;2009-06-17;;;0.0;2025-04-24 15:59:53.917368;2025-04-24 15:59:53.917368;INVALID
XY;50;2024-10-31;a84396c9bxy4396c9b35z;SYS;708;0.49;2018-10-16;2018-10-16;;;;;EUR;;;;;0.0;2025-04-24 15:59:53.917368;2025-04-24 15:59:53.917368;INVALID
XY;50;2024-10-31;a2bba1832xybba18325bz;SYS;708;29.99;2021-05-06;2021-05-06;;;;;EUR;;;;;0.0;2025-04-24 15:59:53.917368;2025-04-24 15:59:53.917368;INVALID
XY;50;2024-10-31;aef7b0271xyf7b0271fdz;SYS;708;10667.27;2017-11-30;2009-03-26;2009-01-31;2009-03-26;38990.0;;EUR;39783.78;2017-11-30;;;0.0;2025-04-24 15:59:53.917368;2025-04-24 15:59:53.917368;INVALID
XY;50;2024-10-31;a4bb15b57xybb15b573fz;SYS;708;6987.78;2009-10-31;2009-07-30;2009-07-30;2009-10-14;5131.0;;EUR;5131.0;2009-10-14;;;0.0;2025-04-24 15:59:53.917368;2025-04-24 15:59:53.917368;INVALID
XY;50;2024-10-31;a2ad60983xyad6098393z;SYS;708;1.18;2016-06-13;2016-06-13;;;;;EUR;;;;;0.0;2025-04-24 15:59:53.917368;2025-04-24 15:59:53.917368;INVALID
XY;50;2024-10-31;a86fb244dxy6fb244d5fz;SYS;708;-40094.79;2016-10-18;2016-10-18;;;;;EUR;;;;;0.0;2025-04-24 15:59:53.917368;2025-04-24 15:59:53.917368;INVALID
XY;50;2024-10-31;adfa2ff19xyfa2ff1978z;SYS;708;8400.36;2020-05-27;2019-09-04;2019-12-30;2020-05-27;30111.12;;EUR;30111.12;2020-05-27;;;0.0;2025-04-24 15:59:53.917368;2025-04-24 15:59:53.917368;INVALID
XY;50;2025-04-30;a2c020dd7xyc020dd74az;SYS;2287;13041.44;2011-09-15;2009-10-22;2009-08-19;2009-10-17;26818.18;TOTAL;EUR;6339.98;2011-09-15;;;0.0;2025-05-15 07:35:24.446421;2025-05-15 07:35:24.446421;INVALID
XY;50;2024-10-31;a29d62918xy9d6291801z;SYS;708;36563.56;2017-07-27;2017-04-25;2017-04-21;2017-06-05;69240.0;;EUR;73703.4;2017-07-27;;;0.0;2025-04-24 15:59:53.917368;2025-04-24 15:59:53.917368;INVALID
XY;50;2024-10-31;ad42b3f32xy42b3f32e4z;SYS;708;19547.14;2016-04-30;2016-04-01;2016-02-01;2016-04-15;17668.0;;EUR;17668.0;2016-04-15;;;0.0;2025-04-24 15:59:53.917368;2025-04-24 15:59:53.917368;INVALID
XY;50;2024-10-31;a89b154c2xy9b154c2e0z;SYS;709;5649.79;2003-08-31;2003-08-31;;;9630.0;;EUR;0.0;;0.0;;0.0;2025-04-23 12:59:44.166421;2025-04-23 12:59:44.166421;INVALID
XY;50;2024-10-31;aba7624a7xya7624a78ez;SYS;8205;0.0;2020-09-24;2020-09-18;;2020-09-09;31500.0;;EUR;5388.38;2020-09-24;;;0.0;2025-05-12 12:35:45.666462;2025-05-12 12:35:45.666462;INVALID
XY;50;2024-10-31;a30a6678dxy0a6678df6z;SYS;708;92.92;2018-09-30;2018-03-06;;;;;EUR;699.08;2018-05-08;;;0.0;2025-04-24 15:59:53.917368;2025-04-24 15:59:53.917368;INVALID
XY;50;2024-10-31;aea83dd5exya83dd5e71z;SYS;708;0.49;2018-07-16;2018-07-16;;;;;EUR;;;;;0.0;2025-04-24 15:59:53.917368;2025-04-24 15:59:53.917368;INVALID
XY;50;2024-10-31;afbe2af32xybe2af328ez;SYS;1042;814.52;2018-12-06;2018-12-06;;;;TOTAL;EUR;;;;;0.0;2025-05-15 07:27:58.931103;2025-05-15 07:27:58.931103;INVALID
XY;50;2024-10-31;a05fc0c03xy5fc0c03cfz;SYS;708;17723.43;2017-04-16;2017-01-12;2017-01-11;2017-04-14;14405.0;;EUR;14405.0;2017-04-14;;;0.0;2025-04-24 15:59:53.917368;2025-04-24 15:59:53.917368;INVALID
XY;50;2024-10-31;a43182db6xy3182db68dz;SYS;708;0.0;2017-03-31;2017-03-29;;;;;EUR;589.81;2017-03-31;;;0.0;2025-04-24 15:59:53.917368;2025-04-24 15:59:53.917368;INVALID
XY;50;2024-10-31;a5338ccd6xy338ccd653z;SYS;708;-327.96;2011-06-30;2009-04-01;2009-04-01;;;;EUR;1325.0;2011-06-30;;;0.0;2025-04-24 15:59:53.917368;2025-04-24 15:59:53.917368;INVALID
XY;50;2024-10-31;ad2920438xy292043812z;SYS;708;28803.74;2009-11-30;2009-06-10;2009-06-10;2009-11-24;31450.0;;EUR;31450.0;2009-11-24;;;0.0;2025-04-24 15:59:53.917368;2025-04-24 15:59:53.917368;INVALID
XY;50;2024-10-31;a0a87a3b5xya87a3b505z;SYS;708;689.47;2008-01-31;2007-02-26;;2007-03-22;15547.5;;EUR;15547.5;2007-03-22;;;0.0;2025-04-24 15:59:53.917368;2025-04-24 15:59:53.917368;INVALID
XY;50;2024-10-31;a5e0b133fxye0b133f9fz;SYS;708;-11222.4;2016-11-06;2016-10-25;;;;;EUR;;;;;0.0;2025-04-24 15:59:53.917368;2025-04-24 15:59:53.917368;INVALID
XY;50;2024-10-31;a4579e494xy579e4949az;SYS;708;5521.29;2010-01-31;2009-11-24;2009-11-24;2010-01-27;3825.0;;EUR;3825.0;2010-01-27;;;0.0;2025-04-24 15:59:53.917368;2025-04-24 15:59:53.917368;INVALID
XY;50;2024-10-31;ac1897710xy189771021z;SYS;708;41.56;2024-05-08;2024-05-08;;;;;EUR;;;;;0.0;2025-04-24 15:59:53.917368;2025-04-24 15:59:53.917368;INVALID
XY;50;2024-10-31;ab4ff2a68xy4ff2a68e6z;SYS;708;1197.88;2010-08-05;2010-07-28;;2010-08-05;18434.0;;EUR;18434.0;2010-08-05;;;0.0;2025-04-24 15:59:53.917368;2025-04-24 15:59:53.917368;INVALID
XY;50;2024-10-31;a66d532b3xy6d532b327z;SYS;708;-613.87;2016-07-11;2015-01-16;2015-01-16;2016-06-24;29094.0;;EUR;1326.38;2016-07-11;;;0.0;2025-04-24 15:59:53.917368;2025-04-24 15:59:53.917368;INVALID
XY;50;2024-10-31;a744787daxy44787dabbz;SYS;708;0.0;2018-11-26;2018-05-21;;2018-06-29;10100.0;;EUR;17381.65;2018-11-26;;;0.0;2025-04-24 15:59:53.917368;2025-04-24 15:59:53.917368;INVALID
XY;50;2024-10-31;aa0bad5eexy0bad5eee3z;SYS;709;3.6379788070917097e-12;2018-03-12;2017-01-10;;;;;EUR;-3.6379788070917097e-12;2018-03-12;0.0;;0.0;2025-04-23 12:59:44.166421;2025-04-23 12:59:44.166421;INVALID
XY;50;2024-10-31;a798e1520xy98e1520b9z;SYS;708;39.03;2020-01-07;2020-01-07;;;;;EUR;;;;;0.0;2025-04-24 15:59:53.917368;2025-04-24 15:59:53.917368;INVALID
XY;50;2024-10-31;a8759b484xy759b48444z;SYS;708;2807.71;2021-01-24;2021-01-22;;;;;EUR;;;;;0.0;2025-04-24 15:59:53.917368;2025-04-24 15:59:53.917368;INVALID
XY;50;2025-04-30;a08d87a72xy8d87a72e8z;SYS;2287;8.7;2011-06-15;2011-06-15;;;0.0;TOTAL;EUR;0.0;;;;0.0;2025-05-15 07:35:24.446421;2025-05-15 07:35:24.446421;INVALID
XY;50;2024-10-31;a1e235ba7xye235ba730z;SYS;708;2.73;2019-01-16;2019-01-16;;;;;EUR;;;;;0.0;2025-04-24 15:59:53.917368;2025-04-24 15:59:53.917368;INVALID
XY;50;2024-10-31;a9977a688xy977a68887z;SYS;708;12447.74;2019-05-14;2014-06-01;2014-04-01;2014-06-19;14625.0;;EUR;26265.0;2019-04-10;;;0.0;2025-04-24 15:59:53.917368;2025-04-24 15:59:53.917368;INVALID
XY;50;2025-04-30;a5401e918xy401e918cfz;SYS;2287;140263.18;2010-04-30;2010-04-30;2010-02-01;2010-04-23;109090.91;TOTAL;EUR;0.0;;;;0.0;2025-05-15 07:35:24.446421;2025-05-15 07:35:24.446421;INVALID
XY;50;2024-10-31;a30d8a288xy0d8a28887z;SYS;708;-300.0;2017-11-12;2017-06-06;;;;;EUR;3044.49;2017-11-12;;;0.0;2025-04-24 15:59:53.917368;2025-04-24 15:59:53.917368;INVALID
XY;50;2024-09-30;ac3e8b491xy3e8b49182z;SYS;3250;2162.32;2014-08-31;2014-08-31;;;0.0;EARLY_SETTLEMENT;EUR;0.0;;;;2162.32;2025-05-14 10:30:53.994727;2025-05-14 10:30:53.994727;VALID
XY;50;2025-04-30;ac928585dxy928585dfcz;SYS;2287;280.76;2010-10-18;2010-10-18;;;0.0;TOTAL;EUR;0.0;;;;0.0;2025-05-15 07:35:24.446421;2025-05-15 07:35:24.446421;INVALID
XY;50;2024-10-31;a8b19a648xyb19a648a4z;SYS;708;839.17;2020-09-17;2018-11-01;;;;;EUR;7170.86;2020-09-07;;;0.0;2025-04-24 15:59:53.917368;2025-04-24 15:59:53.917368;INVALID
XY;50;2024-10-31;a17327ba7xy7327ba79fz;SYS;708;58106.43;2009-10-31;2009-10-12;2009-10-12;2009-10-23;103700.0;;EUR;103700.0;2009-10-23;;;0.0;2025-04-24 15:59:53.917368;2025-04-24 15:59:53.917368;INVALID
XY;50;2024-10-31;a80ffaf56xy0ffaf56cez;SYS;708;758.43;2018-06-21;2018-06-21;;;;;EUR;;;;;0.0;2025-04-24 15:59:53.917368;2025-04-24 15:59:53.917368;INVALID
XY;50;2024-10-31;a9c51af25xyc51af25a6z;SYS;708;5201.51;2015-03-31;2015-01-01;2015-01-01;;;;EUR;23000.0;2015-03-31;;;0.0;2025-04-24 15:59:53.917368;2025-04-24 15:59:53.917368;INVALID
XY;50;2024-10-31;a86f91c85xy6f91c850dz;SYS;708;7633.73;2020-02-29;2019-11-19;2019-11-18;2020-01-17;4455.0;;EUR;4609.37;2020-01-17;;;0.0;2025-04-24 15:59:53.917368;2025-04-24 15:59:53.917368;INVALID
XY;50;2024-10-31;a02f7fc8bxy2f7fc8b1dz;SYS;708;5197.69;2017-11-23;2017-09-07;2017-09-21;2017-11-22;7885.0;;EUR;7885.0;2017-11-23;;;0.0;2025-04-24 15:59:53.917368;2025-04-24 15:59:53.917368;INVALID
XY;50;2024-10-31;a9b656b65xyb656b6501z;SYS;708;12721.44;2010-08-31;2010-08-01;2010-06-01;2010-08-12;9295.0;;EUR;9295.0;2010-08-12;;;0.0;2025-04-24 15:59:53.917368;2025-04-24 15:59:53.917368;INVALID
XY;50;2024-10-31;ab69b2eebxy69b2eeb74z;SYS;708;0.3;2016-06-06;2016-06-06;;;;;EUR;;;;;0.0;2025-04-24 15:59:53.917368;2025-04-24 15:59:53.917368;INVALID
XY;50;2024-10-31;a11239e58xy1239e5852z;SYS;708;-62.92;2016-10-17;2014-08-01;2014-08-01;;;;EUR;3183.13;2016-10-17;;;0.0;2025-04-24 15:59:53.917368;2025-04-24 15:59:53.917368;INVALID
XY;50;2024-10-31;ab19cf462xy19cf4628cz;SYS;708;10293.6;2015-09-30;2015-09-01;2015-09-01;;;;EUR;;;;;0.0;2025-04-24 15:59:53.917368;2025-04-24 15:59:53.917368;INVALID
XY;50;2024-10-31;aa8d69844xy8d6984483z;SYS;709;15156.61;2019-06-06;2011-08-31;2011-08-22;2011-08-22;40115.0;;EUR;3500.67;2018-06-29;0.0;;0.0;2025-04-23 12:59:44.166421;2025-04-23 12:59:44.166421;INVALID
XY;50;2024-10-31;a209b776dxy09b776d6ez;SYS;708;3703.38;2024-05-22;2019-11-26;;;;;EUR;0.0;;;;0.0;2025-04-24 15:59:53.917368;2025-04-24 15:59:53.917368;INVALID
XY;50;2024-10-31;aaf6e0967xyf6e0967bfz;SYS;708;1633.4;2018-05-06;2018-05-04;;;;;EUR;;;;;0.0;2025-04-24 15:59:53.917368;2025-04-24 15:59:53.917368;INVALID
XY;50;2024-10-31;ae036502bxy036502b5ez;SYS;708;-210.54;2016-08-09;2015-05-01;2015-05-01;;;;EUR;1930.22;2016-08-09;;;0.0;2025-04-24 15:59:53.917368;2025-04-24 15:59:53.917368;INVALID
XY;50;2025-04-30;ac7a0e2b9xy7a0e2b92az;SYS;2287;32241.82;2009-08-26;2009-08-26;2009-07-13;2009-08-20;100922.73;TOTAL;EUR;0.0;;;;0.0;2025-05-15 07:35:24.446421;2025-05-15 07:35:24.446421;INVALID
XY;50;2024-10-31;a275c1e8dxy75c1e8d9ez;SYS;708;0.0;2016-02-25;2015-01-08;;2015-05-01;53490.4;;EUR;54675.15;2016-02-25;;;0.0;2025-04-24 15:59:53.917368;2025-04-24 15:59:53.917368;INVALID
XY;50;2024-10-31;a15bf6310xy5bf63109az;SYS;709;0.36;2016-06-07;2016-06-07;;;;;EUR;0.0;;0.0;;0.0;2025-04-23 12:59:44.166421;2025-04-23 12:59:44.166421;INVALID
XY;50;2024-10-31;a9d8e56a6xyd8e56a67fz;SYS;709;10639.19;2022-09-27;2019-07-31;;;;;EUR;18200.0;2022-09-27;0.0;;0.0;2025-04-23 12:59:44.166421;2025-04-23 12:59:44.166421;INVALID
XY;50;2025-04-30;ae793819bxy793819b56z;SYS;2287;-15.37;2013-07-22;2013-07-22;;;0.0;TOTAL;EUR;65.37;2019-12-05;;;0.0;2025-05-15 07:35:24.446421;2025-05-15 07:35:24.446421;INVALID
XY;50;2024-10-31;ab28d60e2xy28d60e287z;SYS;708;0.95;2019-09-17;2019-09-17;;;;;EUR;;;;;0.0;2025-04-24 15:59:53.917368;2025-04-24 15:59:53.917368;INVALID
XY;50;2024-10-31;a03a03b45xy3a03b4538z;SYS;708;-16.7;2014-10-31;2014-10-01;2014-10-01;;;;EUR;55007.58;2014-10-31;;;0.0;2025-04-24 15:59:53.917368;2025-04-24 15:59:53.917368;INVALID
XY;50;2024-10-31;a9dfd10c5xydfd10c57az;SYS;708;0.0;2016-11-02;2016-09-07;;;;;EUR;2319.92;2016-11-02;;;0.0;2025-04-24 15:59:53.917368;2025-04-24 15:59:53.917368;INVALID
XY;50;2024-10-31;a7e88a5a5xye88a5a595z;SYS;709;24.97;2020-08-24;2020-08-24;;;;;EUR;0.0;;0.0;;0.0;2025-04-23 12:59:44.166421;2025-04-23 12:59:44.166421;INVALID
XY;50;2024-10-31;a7b6cc952xyb6cc952b5z;SYS;709;0.75;2018-05-09;2018-05-09;;;;;EUR;0.0;;0.0;;0.0;2025-04-23 12:59:44.166421;2025-04-23 12:59:44.166421;INVALID
XY;50;2024-10-31;a99fbd4f6xy9fbd4f675z;SYS;8205;2945.17;2016-09-17;2016-07-26;2016-06-13;2016-06-28;12250.0;;EUR;-363.0;2016-09-17;;;2945.17;2025-05-12 12:35:45.666462;2025-05-12 12:35:45.666462;INVALID
XY;50;2025-04-30;aa41840b7xy41840b79az;SYS;2287;40958.05;2010-02-08;2010-02-08;2009-11-18;2010-02-02;56600.0;TOTAL;EUR;0.0;;;;0.0;2025-05-15 07:35:24.446421;2025-05-15 07:35:24.446421;INVALID
XY;50;2025-04-30;ab790ea73xy790ea737cz;SYS;2287;34.92;2009-04-08;2009-04-08;;;0.0;TOTAL;EUR;0.0;;;;0.0;2025-05-15 07:35:24.446421;2025-05-15 07:35:24.446421;INVALID
XY;50;2024-10-31;a39b3e2dcxy9b3e2dc86z;SYS;708;14931.33;2017-05-10;2017-03-29;2017-03-27;2017-05-10;9600.0;;EUR;9600.0;2017-05-10;;;0.0;2025-04-24 15:59:53.917368;2025-04-24 15:59:53.917368;INVALID
XY;50;2024-10-31;a5b4f521bxyb4f521bf8z;SYS;708;-20334.06;2017-05-31;2015-02-19;2017-01-26;2017-05-31;21769.85;;EUR;21769.85;2017-05-31;;;0.0;2025-04-24 15:59:53.917368;2025-04-24 15:59:53.917368;INVALID
XY;50;2024-10-31;ad8d44719xy8d4471962z;SYS;708;0.0;2019-08-11;2018-10-25;;;;;EUR;500.0;2019-08-11;;;0.0;2025-04-24 15:59:53.917368;2025-04-24 15:59:53.917368;INVALID
XY;50;2024-10-31;a71718ca1xy1718ca1dfz;SYS;708;0.26;2016-05-11;2016-05-11;;;;;EUR;;;;;0.0;2025-04-24 15:59:53.917368;2025-04-24 15:59:53.917368;INVALID
XY;50;2024-10-31;a10a5d25exy0a5d25ef3z;SYS;708;-0.01;2017-03-21;2016-09-30;;;;;EUR;2881.77;2017-03-21;;;0.0;2025-04-24 15:59:53.917368;2025-04-24 15:59:53.917368;INVALID
XY;50;2024-10-31;a3897276cxy897276c0fz;SYS;708;18798.75;2010-10-31;2010-06-02;2010-06-02;2010-10-15;11851.0;;EUR;11851.0;2010-10-15;;;0.0;2025-04-24 15:59:53.917368;2025-04-24 15:59:53.917368;INVALID
XY;50;2024-10-31;acfa03563xyfa0356383z;SYS;708;69.19;2016-07-06;2016-07-06;;;;;EUR;;;;;0.0;2025-04-24 15:59:53.917368;2025-04-24 15:59:53.917368;INVALID
XY;50;2024-10-31;af951c975xy951c975c5z;SYS;708;12696.73;2009-04-30;2009-01-20;2009-01-20;2009-04-27;14700.0;;EUR;14700.0;2009-04-27;;;0.0;2025-04-24 15:59:53.917368;2025-04-24 15:59:53.917368;INVALID
XY;50;2024-10-31;a6be5615cxybe5615c13z;SYS;708;21225.7;2024-05-13;2018-07-31;2018-07-31;2019-05-24;24811.37;;EUR;28243.64;2019-05-27;;;0.0;2025-04-24 15:59:53.917368;2025-04-24 15:59:53.917368;INVALID
XY;50;2024-10-31;af388866dxy388866decz;SYS;709;8342.33;2013-05-31;2013-05-31;;;;;EUR;0.0;;0.0;;0.0;2025-04-23 12:59:44.166421;2025-04-23 12:59:44.166421;INVALID
XY;50;2024-10-31;a3776ae61xy776ae61f0z;SYS;708;0.0;2017-09-24;2017-02-09;;;;;EUR;238.62;2017-09-24;;;0.0;2025-04-24 15:59:53.917368;2025-04-24 15:59:53.917368;INVALID
XY;50;2024-10-31;ac470eb45xy470eb45e5z;SYS;708;7252.43;2016-02-29;2016-02-01;2015-12-01;2016-02-01;12502.0;;EUR;12502.0;2016-02-01;;;0.0;2025-04-24 15:59:53.917368;2025-04-24 15:59:53.917368;INVALID
XY;50;2024-10-31;a207dd11axy07dd11aedz;SYS;708;214.79;2017-08-30;2016-02-26;;;;;EUR;;;;;0.0;2025-04-24 15:59:53.917368;2025-04-24 15:59:53.917368;INVALID
XY;50;2024-10-31;ae842f8bdxy842f8bd3ez;SYS;8205;-0.01;2021-04-20;2021-04-20;;2018-09-06;85771.49;;EUR;0.0;;;;-0.01;2025-05-12 12:35:45.666462;2025-05-12 12:35:45.666462;INVALID
XY;50;2024-10-31;a00a49210xy0a492106dz;SYS;709;52723.97;2003-08-31;2003-08-31;2003-02-26;2003-01-03;74379.03;;EUR;0.0;;0.0;;0.0;2025-04-23 12:59:44.166421;2025-04-23 12:59:44.166421;INVALID
XY;50;2024-10-31;a4c939cafxyc939caf1ez;SYS;709;27.34;2019-02-12;2019-01-08;;;;;EUR;0.0;2019-02-06;0.0;;0.0;2025-04-23 12:59:44.166421;2025-04-23 12:59:44.166421;INVALID
XY;50;2024-10-31;abade7484xyade748464z;SYS;708;-136.05;2014-03-31;2013-11-20;;;;;EUR;;;;;0.0;2025-04-24 15:59:53.917368;2025-04-24 15:59:53.917368;INVALID
XY;50;2024-10-31;a914b4c9exy14b4c9ea1z;SYS;708;-382.35;2020-06-03;2019-12-12;;2020-06-03;5485.0;;EUR;5485.0;2020-06-03;;;0.0;2025-04-24 15:59:53.917368;2025-04-24 15:59:53.917368;INVALID
XY;50;2024-10-31;a560ce6b0xy60ce6b075z;SYS;708;379.39;2016-09-29;2016-09-29;;;;;EUR;;;;;0.0;2025-04-24 15:59:53.917368;2025-04-24 15:59:53.917368;INVALID
XY;50;2024-10-31;a9ca5efe5xyca5efe513z;SYS;708;-24244.52;2014-05-31;2011-11-17;;;;;EUR;;;;;0.0;2025-04-24 15:59:53.917368;2025-04-24 15:59:53.917368;INVALID
XY;50;2024-10-31;ac525eadaxy525eadacez;SYS;708;0.0;2021-03-15;2021-01-20;;;;;EUR;7061.0;2021-03-15;;;0.0;2025-04-24 15:59:53.917368;2025-04-24 15:59:53.917368;INVALID
XY;50;2024-10-31;a06b45dd9xy6b45dd92cz;SYS;708;7713.35;2014-10-31;2014-05-01;2014-05-01;;;;EUR;12500.0;2014-10-31;;;0.0;2025-04-24 15:59:53.917368;2025-04-24 15:59:53.917368;INVALID
XY;50;2024-10-31;a04bcd231xy4bcd231e1z;SYS;709;97.51;2020-12-16;2020-12-16;;;;;EUR;0.0;;0.0;;0.0;2025-04-23 12:59:44.166421;2025-04-23 12:59:44.166421;INVALID
XY;50;2025-04-30;a5723bef4xy723bef49ez;SYS;2287;28.32;2013-02-13;2013-02-13;;;0.0;TOTAL;EUR;0.0;;;;0.0;2025-05-15 07:35:24.446421;2025-05-15 07:35:24.446421;INVALID
XY;50;2024-10-31;a9d54b18fxyd54b18f29z;SYS;709;25.0;2016-12-23;2016-12-23;;;;;EUR;0.0;;0.0;;0.0;2025-04-23 12:59:44.166421;2025-04-23 12:59:44.166421;INVALID
XY;50;2024-10-31;a88ccd3b8xy8ccd3b8b2z;SYS;708;15.76;2018-06-27;2017-07-17;2017-07-13;;;;EUR;-15.76;2018-06-27;;;0.0;2025-04-24 15:59:53.917368;2025-04-24 15:59:53.917368;INVALID
XY;50;2024-10-31;a997335d0xy97335d095z;SYS;708;628.23;2019-12-10;2019-12-10;;;;;EUR;;;;;0.0;2025-04-24 15:59:53.917368;2025-04-24 15:59:53.917368;INVALID
XY;50;2024-10-31;a12557522xy25575229ez;SYS;708;0.0;2016-07-26;2016-05-23;;2016-05-26;22225.0;;EUR;22261.81;2016-07-26;;;0.0;2025-04-24 15:59:53.917368;2025-04-24 15:59:53.917368;INVALID
XY;50;2024-10-31;aab06a489xyb06a489aez;SYS;708;-0.4;2020-03-04;2020-01-31;;2020-03-04;32085.8;;EUR;32085.8;2020-03-04;;;0.0;2025-04-24 15:59:53.917368;2025-04-24 15:59:53.917368;INVALID
XY;50;2024-10-31;acf2a4866xyf2a486624z;SYS;708;17551.59;2016-07-10;2016-05-03;2016-03-09;2016-07-07;26634.5;;EUR;26734.5;2016-07-10;;;0.0;2025-04-24 15:59:53.917368;2025-04-24 15:59:53.917368;INVALID
XY;50;2024-10-31;a6b4be3b8xyb4be3b8c7z;SYS;708;29886.78;2021-07-08;2017-08-29;;;;;EUR;;;;;0.0;2025-04-24 15:59:53.917368;2025-04-24 15:59:53.917368;INVALID
XY;50;2024-10-31;a5179cf4bxy179cf4be7z;SYS;708;-7.77;2016-10-24;2016-10-05;;;;;EUR;769.98;2016-10-24;;;0.0;2025-04-24 15:59:53.917368;2025-04-24 15:59:53.917368;INVALID
XY;50;2024-10-31;af08e1747xy08e1747efz;SYS;708;1.93;2017-07-18;2017-07-18;;;;;EUR;;;;;0.0;2025-04-24 15:59:53.917368;2025-04-24 15:59:53.917368;INVALID
XY;50;2024-10-31;af85f55ffxy85f55ffa8z;SYS;708;0.0;2016-10-17;2016-07-29;;;;;EUR;1563.09;2016-10-17;;;0.0;2025-04-24 15:59:53.917368;2025-04-24 15:59:53.917368;INVALID
XY;50;2024-10-31;a2249eecbxy249eecb3dz;SYS;708;-4062.66;2015-10-31;2014-08-29;2014-08-29;2015-10-12;109876.19;;EUR;182427.87;2015-10-31;;;0.0;2025-04-24 15:59:53.917368;2025-04-24 15:59:53.917368;INVALID
XY;50;2025-04-30;aab4448a2xyb4448a200z;SYS;2287;20627.03;2014-09-08;2012-06-29;2012-06-27;2012-06-28;1.0;SKIP;EUR;27460.36;2014-09-08;;;0.0;2025-05-15 07:35:24.446421;2025-05-15 07:35:24.446421;INVALID
XY;50;2024-10-31;a4462a8e3xy462a8e370z;SYS;709;53.9;2016-05-03;2016-05-03;;;;;EUR;0.0;;0.0;;0.0;2025-04-23 12:59:44.166421;2025-04-23 12:59:44.166421;INVALID
XY;50;2024-10-31;a05480bb5xy5480bb527z;SYS;708;0.0;2011-09-15;2010-04-05;;2010-05-24;27080.0;;EUR;27837.7;2011-09-15;;;0.0;2025-04-24 15:59:53.917368;2025-04-24 15:59:53.917368;INVALID
XY;50;2024-10-31;a48b3fc18xy8b3fc18d6z;SYS;708;0.0;2017-04-19;2016-06-02;;2016-08-22;30078.56;;EUR;30242.59;2017-04-19;;;0.0;2025-04-24 15:59:53.917368;2025-04-24 15:59:53.917368;INVALID
XY;50;2024-10-31;a77f066efxy7f066ef73z;SYS;708;41.72;2016-07-13;2016-07-13;;;;;EUR;;;;;0.0;2025-04-24 15:59:53.917368;2025-04-24 15:59:53.917368;INVALID
XY;50;2024-10-31;ac1b38d15xy1b38d15bdz;SYS;708;4523.56;2016-05-16;2016-04-05;2016-04-05;2016-05-13;11710.0;;EUR;11710.0;2016-05-16;;;0.0;2025-04-24 15:59:53.917368;2025-04-24 15:59:53.917368;INVALID
XY;50;2024-10-31;ac6066495xy606649536z;SYS;708;2565.98;2017-02-23;2016-10-31;2016-10-28;2016-12-08;15240.0;;EUR;15491.29;2017-02-23;;;0.0;2025-04-24 15:59:53.917368;2025-04-24 15:59:53.917368;INVALID
XY;50;2024-10-31;a460cc92axy60cc92a5az;SYS;709;25748.19;2003-08-31;2003-08-31;;;;;EUR;0.0;;0.0;;0.0;2025-04-23 12:59:44.166421;2025-04-23 12:59:44.166421;INVALID
XY;50;2024-10-31;a9c15c11dxyc15c11da3z;SYS;709;1.71;2016-05-04;2016-05-04;;;;;EUR;0.0;;0.0;;0.0;2025-04-23 12:59:44.166421;2025-04-23 12:59:44.166421;INVALID
XY;50;2024-10-31;aa64b0c50xy64b0c50cez;SYS;708;-20348.75;2017-04-19;2017-04-19;;;;;EUR;;;;;0.0;2025-04-24 15:59:53.917368;2025-04-24 15:59:53.917368;INVALID
XY;50;2024-10-31;acc81d7d9xyc81d7d9b3z;SYS;708;16553.79;2011-01-31;2010-11-19;2010-11-19;2011-01-19;25201.0;;EUR;25201.0;2011-01-19;;;0.0;2025-04-24 15:59:53.917368;2025-04-24 15:59:53.917368;INVALID
XY;50;2024-10-31;ac8b343e9xy8b343e9c3z;SYS;708;13838.06;2016-11-03;2016-09-07;2016-08-23;;;;EUR;0.0;2016-11-01;;;0.0;2025-04-24 15:59:53.917368;2025-04-24 15:59:53.917368;INVALID
XY;50;2024-10-31;a3d456433xyd45643357z;SYS;708;16953.66;2009-11-30;2009-06-15;2009-06-15;2009-09-09;23875.0;;EUR;24064.35;2009-11-30;;;0.0;2025-04-24 15:59:53.917368;2025-04-24 15:59:53.917368;INVALID
XY;50;2024-10-31;a9b23d595xyb23d595d0z;SYS;708;2930.74;2018-03-22;2005-12-01;2005-12-01;;;;EUR;9756.87;2017-09-12;;;0.0;2025-04-24 15:59:53.917368;2025-04-24 15:59:53.917368;INVALID
XY;50;2024-10-31;a68925c54xy8925c548cz;SYS;708;662.17;2018-02-21;2015-11-01;2015-11-11;2016-06-03;15123.0;;EUR;20985.27;2018-02-21;;;0.0;2025-04-24 15:59:53.917368;2025-04-24 15:59:53.917368;INVALID
XY;50;2024-10-31;a787fe07fxy87fe07fc2z;SYS;708;-8557.73;2013-01-31;2013-01-10;;;;;EUR;;;;;0.0;2025-04-24 15:59:53.917368;2025-04-24 15:59:53.917368;INVALID
XY;50;2024-10-31;a63f89c8exy3f89c8e4dz;SYS;708;4378.8;2017-03-01;2017-03-01;;;;;EUR;;;;;0.0;2025-04-24 15:59:53.917368;2025-04-24 15:59:53.917368;INVALID
XY;50;2024-10-31;a4faa2ce1xyfaa2ce14dz;SYS;8205;681.28;2018-05-24;2018-05-24;;;;;EUR;0.0;;;;681.28;2025-05-12 12:35:45.666462;2025-05-12 12:35:45.666462;INVALID
XY;50;2024-10-31;ab80e9be4xy80e9be42bz;SYS;708;7866.22;2007-08-31;2007-06-19;2007-06-19;2007-08-16;9660.0;;EUR;9660.0;2007-08-16;;;0.0;2025-04-24 15:59:53.917368;2025-04-24 15:59:53.917368;INVALID
XY;50;2024-10-31;a6e440d66xye440d66d1z;SYS;709;2154.05;2018-06-07;2018-05-18;2018-05-18;2018-06-07;26250.0;;EUR;26250.0;2018-06-07;0.0;;0.0;2025-04-23 12:59:44.166421;2025-04-23 12:59:44.166421;INVALID
XY;50;2025-04-30;afa85e007xya85e007f2z;SYS;2287;3134.67;2010-04-19;2010-04-19;2009-12-30;2010-01-06;57002.77;TOTAL;EUR;0.0;;;;0.0;2025-05-15 07:35:24.446421;2025-05-15 07:35:24.446421;INVALID
XY;50;2024-10-31;aa3fcc3c6xy3fcc3c6d2z;SYS;708;19.35;2016-07-18;2016-07-18;;;;;EUR;;;;;0.0;2025-04-24 15:59:53.917368;2025-04-24 15:59:53.917368;INVALID
XY;50;2024-10-31;a4bef50bexybef50be76z;SYS;708;555.6;2020-05-26;2020-05-26;;;;;EUR;;;;;0.0;2025-04-24 15:59:53.917368;2025-04-24 15:59:53.917368;INVALID
XY;50;2024-10-31;a8d68c5d2xyd68c5d261z;SYS;708;-14154.83;2014-05-31;2013-10-24;;;;;EUR;;;;;0.0;2025-04-24 15:59:53.917368;2025-04-24 15:59:53.917368;INVALID
XY;50;2024-10-31;acc630cdfxyc630cdfc3z;SYS;708;0.0;2018-03-21;2017-10-30;;;;;EUR;330.26;2018-03-21;;;0.0;2025-04-24 15:59:53.917368;2025-04-24 15:59:53.917368;INVALID
XY;50;2025-04-30;ac89cccbfxy89cccbf3fz;SYS;2287;5.69;2013-01-14;2013-01-14;;;0.0;TOTAL;EUR;0.0;;;;0.0;2025-05-15 07:35:24.446421;2025-05-15 07:35:24.446421;INVALID
XY;50;2024-10-31;a90c72109xy0c72109e1z;SYS;708;4604.22;2021-10-25;2016-04-01;2016-04-19;2016-07-22;22950.0;;EUR;29929.31;2021-10-25;;;0.0;2025-04-24 15:59:53.917368;2025-04-24 15:59:53.917368;INVALID
XY;50;2024-10-31;aea3a9684xya3a9684cbz;SYS;708;20.51;2019-10-16;2019-10-16;;;;;EUR;;;;;0.0;2025-04-24 15:59:53.917368;2025-04-24 15:59:53.917368;INVALID
XY;50;2024-10-31;a1e74cb24xye74cb24c8z;SYS;708;1187.7;2014-09-30;2014-09-01;2014-09-01;;;;EUR;;;;;0.0;2025-04-24 15:59:53.917368;2025-04-24 15:59:53.917368;INVALID
XY;50;2024-10-31;ab3e568c7xy3e568c798z;SYS;708;29.56;2016-05-23;2016-05-23;;;;;EUR;;;;;0.0;2025-04-24 15:59:53.917368;2025-04-24 15:59:53.917368;INVALID
XY;50;2024-10-31;ab7ae7e62xy7ae7e62e7z;SYS;708;-1821.86;2020-04-06;2018-09-06;;;;;EUR;4511.98;2020-04-06;;;0.0;2025-04-24 15:59:53.917368;2025-04-24 15:59:53.917368;INVALID
XY;50;2024-10-31;a5aaaf834xyaaaf83436z;SYS;708;9.72;2016-06-06;2016-06-06;;;;;EUR;;;;;0.0;2025-04-24 15:59:53.917368;2025-04-24 15:59:53.917368;INVALID
XY;50;2024-10-31;afa722d2bxya722d2b67z;SYS;708;144.71;2021-09-12;2017-10-27;2017-10-26;2017-12-19;6419.0;;EUR;7819.0;2021-09-12;;;0.0;2025-04-24 15:59:53.917368;2025-04-24 15:59:53.917368;INVALID
XY;50;2024-10-31;a90dafd98xy0dafd981fz;SYS;708;155.89;2006-02-28;2005-07-12;;2005-07-12;32539.43;;EUR;32539.43;2005-07-12;;;0.0;2025-04-24 15:59:53.917368;2025-04-24 15:59:53.917368;INVALID
XY;50;2024-10-31;a7efad36axyefad36a5dz;SYS;708;6808.66;2015-12-31;2014-10-01;2014-08-01;2014-10-30;11700.0;;EUR;12515.0;2015-12-31;;;0.0;2025-04-24 15:59:53.917368;2025-04-24 15:59:53.917368;INVALID
XY;50;2024-09-30;a30e105d8xy0e105d8b2z;SYS;3250;18989.0;2021-12-31;2020-03-31;;;0.0;EARLY_SETTLEMENT;EUR;663000.0;2021-12-31;;;18989.0;2025-05-14 10:30:53.994727;2025-05-14 10:30:53.994727;VALID
XY;50;2024-10-31;a725a0950xy25a09506dz;SYS;708;2930.19;2014-09-30;2014-09-01;2014-06-01;2014-09-11;14150.75;;EUR;14150.75;2014-09-11;;;0.0;2025-04-24 15:59:53.917368;2025-04-24 15:59:53.917368;INVALID
XY;50;2024-10-31;a9fb6b5b3xyfb6b5b329z;SYS;708;1673.11;2017-04-26;2017-03-08;;;;;EUR;;;;;0.0;2025-04-24 15:59:53.917368;2025-04-24 15:59:53.917368;INVALID
XY;50;2024-10-31;ae282157cxy282157cdez;SYS;708;1560.91;2017-08-06;2017-02-22;2017-02-20;2017-07-28;15078.0;;EUR;15078.0;2017-08-06;;;0.0;2025-04-24 15:59:53.917368;2025-04-24 15:59:53.917368;INVALID
XY;50;2024-10-31;aed2674dexyd2674de01z;SYS;708;0.0;2015-11-03;2015-04-03;;2015-04-07;29474.0;;EUR;29811.29;2015-11-03;;;0.0;2025-04-24 15:59:53.917368;2025-04-24 15:59:53.917368;INVALID
XY;50;2024-10-31;a348f8922xy48f892249z;SYS;708;3969.84;2014-08-31;2014-08-01;2014-08-01;;;;EUR;;;;;0.0;2025-04-24 15:59:53.917368;2025-04-24 15:59:53.917368;INVALID
XY;50;2024-10-31;a73f079e0xy3f079e0c2z;SYS;708;39342.04;2019-01-09;2014-08-01;2014-08-28;2014-08-28;65741.43;;EUR;66129.33;2017-11-06;;;0.0;2025-04-24 15:59:53.917368;2025-04-24 15:59:53.917368;INVALID
XY;50;2024-10-31;aa72e0866xy72e0866e7z;SYS;708;12031.11;2011-03-31;2010-12-06;2010-12-06;2011-03-29;57748.75;;EUR;68979.79;2011-03-29;;;0.0;2025-04-24 15:59:53.917368;2025-04-24 15:59:53.917368;INVALID
XY;50;2024-10-31;a3bd74177xybd74177b9z;SYS;708;9005.44;2019-03-10;2018-01-16;2018-01-13;2018-11-05;8130.0;;EUR;10675.51;2019-03-10;;;0.0;2025-04-24 15:59:53.917368;2025-04-24 15:59:53.917368;INVALID
XY;50;2024-10-31;a89be849axy9be849a8az;SYS;708;0.0;2016-06-28;2016-06-13;2016-06-08;;;;EUR;1400.0;2016-06-14;;;0.0;2025-04-24 15:59:53.917368;2025-04-24 15:59:53.917368;INVALID
XY;50;2024-10-31;a733e4910xy33e4910acz;SYS;708;133.84;2019-04-08;2018-03-30;;;;;EUR;;;;;0.0;2025-04-24 15:59:53.917368;2025-04-24 15:59:53.917368;INVALID
XY;50;2024-10-31;a554134caxy54134ca3dz;SYS;708;13.0;2018-03-05;2018-03-05;;;;;EUR;;;;;0.0;2025-04-24 15:59:53.917368;2025-04-24 15:59:53.917368;INVALID
XY;50;2024-10-31;a1a7d0601xya7d060165z;SYS;709;0.05;2016-07-18;2016-07-18;;;;;EUR;0.0;;0.0;;0.0;2025-04-23 12:59:44.166421;2025-04-23 12:59:44.166421;INVALID
XY;50;2024-10-31;ad6718826xy671882652z;SYS;708;13601.82;2016-08-22;2016-06-23;2016-06-20;2016-08-22;6200.0;;EUR;6200.0;2016-08-22;;;0.0;2025-04-24 15:59:53.917368;2025-04-24 15:59:53.917368;INVALID
XY;50;2024-10-31;a8c374b72xyc374b7273z;SYS;708;0.47;2016-07-05;2016-07-05;;;;;EUR;;;;;0.0;2025-04-24 15:59:53.917368;2025-04-24 15:59:53.917368;INVALID
XY;50;2024-10-31;a05f5b692xy5f5b692caz;SYS;708;-371.14;2017-03-05;2016-07-12;;2017-01-13;52029.0;;EUR;68592.65;2017-03-05;;;0.0;2025-04-24 15:59:53.917368;2025-04-24 15:59:53.917368;INVALID
XY;50;2024-10-31;a5a5d6825xya5d68250dz;SYS;708;0.0;2017-11-30;2017-04-18;;;;;EUR;8377.14;2017-11-30;;;0.0;2025-04-24 15:59:53.917368;2025-04-24 15:59:53.917368;INVALID
XY;50;2024-10-31;a733f33eaxy33f33eaa3z;SYS;708;0.0;2018-10-30;2018-08-27;;;;;EUR;1780.65;2018-10-30;;;0.0;2025-04-24 15:59:53.917368;2025-04-24 15:59:53.917368;INVALID
XY;50;2024-10-31;a0ebc776exyebc776e08z;SYS;8205;179.64;2018-05-24;2018-05-24;;;;;EUR;0.0;;;;179.64;2025-05-12 12:35:45.666462;2025-05-12 12:35:45.666462;INVALID
XY;50;2024-10-31;a388a5562xy88a556228z;SYS;708;16785.12;2021-06-21;2021-02-24;2021-01-23;2021-06-21;11331.48;;EUR;11331.48;2021-06-21;;;0.0;2025-04-24 15:59:53.917368;2025-04-24 15:59:53.917368;INVALID
XY;50;2024-10-31;a41694472xy1694472bbz;SYS;708;8276.37;2015-10-31;2015-10-01;2015-07-01;2015-10-27;15665.0;;EUR;17079.14;2015-10-31;;;0.0;2025-04-24 15:59:53.917368;2025-04-24 15:59:53.917368;INVALID
XY;50;2024-10-31;a4291f551xy291f55170z;SYS;1042;2926.55;2020-02-26;2013-09-20;;;;TOTAL;EUR;92.18;2020-02-26;;;0.0;2025-05-15 07:27:58.931103;2025-05-15 07:27:58.931103;INVALID
XY;50;2024-10-31;ad1e41c09xy1e41c094bz;SYS;708;-1531.12;2017-05-29;2014-06-01;2013-08-23;;;;EUR;2101.6;2017-05-29;;;0.0;2025-04-24 15:59:53.917368;2025-04-24 15:59:53.917368;INVALID
XY;50;2024-10-31;a6fa51018xyfa5101877z;SYS;1042;6210.72;2007-10-18;2007-10-18;;;;TOTAL;EUR;;;;;0.0;2025-05-15 07:27:58.931103;2025-05-15 07:27:58.931103;INVALID
XY;50;2024-10-31;add2b5bffxyd2b5bff75z;SYS;708;759.19;2017-08-14;2016-05-17;;;;;EUR;3717.26;2017-08-14;;;0.0;2025-04-24 15:59:53.917368;2025-04-24 15:59:53.917368;INVALID
XY;50;2024-10-31;a6b2cbf0axyb2cbf0a25z;SYS;708;14598.2;2016-09-22;2016-06-29;2016-07-25;2016-09-22;3400.0;;EUR;3400.0;2016-09-22;;;0.0;2025-04-24 15:59:53.917368;2025-04-24 15:59:53.917368;INVALID
XY;50;2024-10-31;a099b928axy99b928ac7z;SYS;8205;-926.66;2018-05-24;2018-05-24;;2015-12-31;16459.86;;EUR;0.0;;;;-926.66;2025-05-12 12:35:45.666462;2025-05-12 12:35:45.666462;INVALID
XY;50;2024-10-31;a0b173435xyb17343539z;SYS;708;-2346.74;2014-10-31;2013-10-01;2013-10-01;;;;EUR;20168.7;2014-10-31;;;0.0;2025-04-24 15:59:53.917368;2025-04-24 15:59:53.917368;INVALID
XY;50;2024-10-31;ac77a4f0exy77a4f0e33z;SYS;708;113910.88;2015-10-31;2013-09-01;2013-09-01;;;;EUR;124365.0;2015-10-31;;;0.0;2025-04-24 15:59:53.917368;2025-04-24 15:59:53.917368;INVALID
XY;50;2024-10-31;acbe9953cxybe9953cafz;SYS;708;0.0;2019-02-10;2018-04-19;;;;;EUR;3162.87;2019-02-10;;;0.0;2025-04-24 15:59:53.917368;2025-04-24 15:59:53.917368;INVALID
XY;50;2024-10-31;a0c95fdd3xyc95fdd3a6z;SYS;708;65809.84;2012-10-31;2010-05-28;2010-05-28;2010-08-17;137167.4;;EUR;180128.22;2012-10-31;;;0.0;2025-04-24 15:59:53.917368;2025-04-24 15:59:53.917368;INVALID
XY;50;2024-10-31;acd2cce92xyd2cce9268z;SYS;708;-9.02;2019-02-17;2016-06-07;;;;;EUR;19416.3;2019-02-17;;;0.0;2025-04-24 15:59:53.917368;2025-04-24 15:59:53.917368;INVALID
XY;50;2024-10-31;afaf5589bxyaf5589b11z;SYS;709;25.0;2017-10-30;2017-10-30;;;;;EUR;0.0;;0.0;;0.0;2025-04-23 12:59:44.166421;2025-04-23 12:59:44.166421;INVALID
XY;50;2025-04-30;a5c7be369xyc7be36977z;SYS;2287;-0.91;2013-08-06;2013-06-28;2013-06-26;2013-06-28;0.91;SKIP;EUR;1308.89;2013-08-06;;;0.0;2025-05-15 07:35:24.446421;2025-05-15 07:35:24.446421;INVALID
XY;50;2024-10-31;ae97d5cd5xy97d5cd53dz;SYS;708;10123.43;2010-08-31;2010-05-04;2010-05-04;2010-08-11;32388.5;;EUR;32388.5;2010-08-11;;;0.0;2025-04-24 15:59:53.917368;2025-04-24 15:59:53.917368;INVALID
XY;50;2024-10-31;afbb5891exybb5891eb5z;SYS;708;2478.17;2019-11-14;2019-11-14;;;;;EUR;;;;;0.0;2025-04-24 15:59:53.917368;2025-04-24 15:59:53.917368;INVALID
XY;50;2024-10-31;a2977f682xy977f682acz;SYS;8205;0.0;2021-04-20;2021-04-20;;2019-05-14;29162.48;;EUR;0.0;;;;0.0;2025-05-12 12:35:45.666462;2025-05-12 12:35:45.666462;INVALID
XY;50;2024-10-31;a5264b68exy264b68e72z;SYS;708;15.5;2018-03-15;2018-03-15;;;;;EUR;;;;;0.0;2025-04-24 15:59:53.917368;2025-04-24 15:59:53.917368;INVALID
XY;50;2024-10-31;a3edc75edxyedc75ed44z;SYS;708;225.0;2018-02-20;2016-01-11;;;;;EUR;;;;;0.0;2025-04-24 15:59:53.917368;2025-04-24 15:59:53.917368;INVALID
XY;50;2024-10-31;a1cd0b0baxycd0b0ba7ez;SYS;708;9721.91;2016-01-31;2016-01-01;2015-10-01;2016-01-11;16559.43;;EUR;16559.43;2016-01-11;;;0.0;2025-04-24 15:59:53.917368;2025-04-24 15:59:53.917368;INVALID
XY;50;2024-10-31;ac2372371xy23723716bz;SYS;708;6668.23;2015-06-30;2008-03-28;2008-03-28;2008-08-05;25475.0;;EUR;42322.0;2015-06-30;;;0.0;2025-04-24 15:59:53.917368;2025-04-24 15:59:53.917368;INVALID
XY;50;2024-10-31;aa4405808xy440580879z;SYS;1042;66117.42;2010-01-21;2010-01-21;;;;TOTAL;EUR;;;;;0.0;2025-05-15 07:27:58.931103;2025-05-15 07:27:58.931103;INVALID
XY;50;2024-10-31;a4a11e935xya11e935cdz;SYS;708;5365.1;2015-08-31;2015-02-01;2015-02-01;;;;EUR;6760.19;2015-08-31;;;0.0;2025-04-24 15:59:53.917368;2025-04-24 15:59:53.917368;INVALID
XY;50;2024-10-31;a5526535exy526535e26z;SYS;708;10220.84;2017-08-31;2016-09-20;2016-09-30;2016-12-08;29123.0;;EUR;858.65;2017-08-31;;;0.0;2025-04-24 15:59:53.917368;2025-04-24 15:59:53.917368;INVALID
XY;50;2024-10-31;a97d2c82bxy7d2c82bdaz;SYS;709;31817.44;2014-10-31;2014-10-31;;;;;EUR;0.0;;0.0;;0.0;2025-04-23 12:59:44.166421;2025-04-23 12:59:44.166421;INVALID
XY;50;2024-10-31;a28deea4fxy8deea4f1ez;SYS;708;0.27;2016-10-27;2016-10-27;;;;;EUR;;;;;0.0;2025-04-24 15:59:53.917368;2025-04-24 15:59:53.917368;INVALID
XY;50;2024-10-31;a1c9a1c87xyc9a1c8739z;SYS;708;-16522.15;2012-10-31;2012-10-18;;;;;EUR;;;;;0.0;2025-04-24 15:59:53.917368;2025-04-24 15:59:53.917368;INVALID
XY;50;2024-10-31;ac1269469xy1269469d5z;SYS;708;44390.09;2016-04-30;2016-04-01;2015-12-01;2016-04-01;5710.0;;EUR;5710.0;2016-04-01;;;0.0;2025-04-24 15:59:53.917368;2025-04-24 15:59:53.917368;INVALID
XY;50;2024-10-31;af5fd4354xy5fd43548cz;SYS;708;-42.42;2015-03-31;2014-12-01;2014-12-01;;;;EUR;2307.78;2015-03-31;;;0.0;2025-04-24 15:59:53.917368;2025-04-24 15:59:53.917368;INVALID
XY;50;2024-10-31;ae0abb3eexy0abb3ee44z;SYS;708;0.0;2019-02-28;2018-08-24;;;;;EUR;388.17;2019-02-28;;;0.0;2025-04-24 15:59:53.917368;2025-04-24 15:59:53.917368;INVALID
XY;50;2024-10-31;aa04c0e22xy04c0e22cez;SYS;708;2.26;2016-07-07;2016-07-07;;;;;EUR;;;;;0.0;2025-04-24 15:59:53.917368;2025-04-24 15:59:53.917368;INVALID
XY;50;2024-10-31;aad5b7a9axyd5b7a9a6cz;SYS;708;35005.07;2009-06-30;2009-04-01;2009-04-01;2009-06-24;33252.0;;EUR;48252.0;2009-06-30;;;0.0;2025-04-24 15:59:53.917368;2025-04-24 15:59:53.917368;INVALID
XY;50;2024-10-31;ab3fab898xy3fab8987az;SYS;708;25754.3;2016-10-17;2016-05-03;2016-03-04;2016-10-17;59307.61;;EUR;59307.61;2016-10-17;;;0.0;2025-04-24 15:59:53.917368;2025-04-24 15:59:53.917368;INVALID
XY;50;2024-10-31;aca90f93cxya90f93c31z;SYS;708;3989.1;2016-02-29;2016-02-01;2016-02-01;;;;EUR;;;;;0.0;2025-04-24 15:59:53.917368;2025-04-24 15:59:53.917368;INVALID
XY;50;2025-04-30;a71820e07xy1820e0738z;SYS;2287;4.0;2009-12-29;2009-12-29;;;0.0;TOTAL;EUR;0.0;;;;0.0;2025-05-15 07:35:24.446421;2025-05-15 07:35:24.446421;INVALID
XY;50;2024-10-31;a34f57d66xy4f57d6641z;SYS;709;0.03;2016-07-01;2016-07-01;;;;;EUR;0.0;;0.0;;0.0;2025-04-23 12:59:44.166421;2025-04-23 12:59:44.166421;INVALID
XY;50;2024-10-31;a6f9642ebxyf9642eb82z;SYS;708;22173.96;2009-02-28;2008-12-10;2008-12-10;2009-02-25;20536.0;;EUR;20536.0;2009-02-25;;;0.0;2025-04-24 15:59:53.917368;2025-04-24 15:59:53.917368;INVALID
XY;50;2024-10-31;a4338142exy338142e17z;SYS;8205;0.0;2021-04-20;2021-04-20;;2015-06-08;28578.51;;EUR;0.0;;;;0.0;2025-05-12 12:35:45.666462;2025-05-12 12:35:45.666462;INVALID
XY;50;2024-10-31;a3e9bb32dxye9bb32dc3z;SYS;708;-2152.0;2016-06-13;2015-11-18;2015-11-18;2016-06-13;10350.0;;EUR;6127.4;2016-06-13;;;0.0;2025-04-24 15:59:53.917368;2025-04-24 15:59:53.917368;INVALID
XY;50;2024-10-31;aab75290cxyb75290c67z;SYS;708;12782.23;2014-12-31;2014-12-01;2014-09-01;2014-12-24;11215.8;;EUR;11215.8;2014-12-24;;;0.0;2025-04-24 15:59:53.917368;2025-04-24 15:59:53.917368;INVALID
XY;50;2024-10-31;a8cccef36xycccef363ez;SYS;708;0.0;2020-09-02;2020-05-27;;;;;EUR;-127.8;2020-09-02;;;0.0;2025-04-24 15:59:53.917368;2025-04-24 15:59:53.917368;INVALID
XY;50;2024-10-31;a9c4c1716xyc4c17160cz;SYS;709;0.02;2016-07-15;2016-07-15;;;;;EUR;0.0;;0.0;;0.0;2025-04-23 12:59:44.166421;2025-04-23 12:59:44.166421;INVALID
XY;50;2024-10-31;a6712ed48xy712ed48bcz;SYS;708;40220.81;2017-03-28;2016-04-01;2016-04-01;2017-02-21;54864.69;;EUR;55463.77;2017-03-28;;;0.0;2025-04-24 15:59:53.917368;2025-04-24 15:59:53.917368;INVALID
XY;50;2024-10-31;aeb008941xyb00894150z;SYS;708;79.93;2019-12-19;2019-12-19;;;;;EUR;;;;;0.0;2025-04-24 15:59:53.917368;2025-04-24 15:59:53.917368;INVALID
XY;50;2024-10-31;a670c6be9xy70c6be906z;SYS;708;-9551.68;2016-06-28;2016-06-02;;;;;EUR;;;;;0.0;2025-04-24 15:59:53.917368;2025-04-24 15:59:53.917368;INVALID
XY;50;2024-10-31;a7c94d333xyc94d333eaz;SYS;708;1670.28;2020-10-27;2020-08-31;;;;;EUR;;;;;0.0;2025-04-24 15:59:53.917368;2025-04-24 15:59:53.917368;INVALID
XY;50;2024-10-31;a8f7c9a99xyf7c9a994bz;SYS;708;0.37;2016-06-06;2016-06-06;;;;;EUR;;;;;0.0;2025-04-24 15:59:53.917368;2025-04-24 15:59:53.917368;INVALID
XY;50;2024-10-31;ad0f30cf5xy0f30cf5baz;SYS;708;-626.04;2015-11-30;2013-10-01;2013-10-01;;;;EUR;10217.48;2015-11-30;;;0.0;2025-04-24 15:59:53.917368;2025-04-24 15:59:53.917368;INVALID
XY;50;2024-10-31;aa9564653xy956465339z;SYS;708;5349.87;2016-04-30;2011-12-01;2011-10-01;2011-12-28;15395.0;;EUR;19671.43;2016-04-30;;;0.0;2025-04-24 15:59:53.917368;2025-04-24 15:59:53.917368;INVALID
XY;50;2025-04-30;a7f24b99cxyf24b99c2cz;SYS;2287;34751.26;2010-02-26;2010-02-26;2010-01-28;2010-02-26;30227.27;TOTAL;EUR;0.0;;;;0.0;2025-05-15 07:35:24.446421;2025-05-15 07:35:24.446421;INVALID
XY;50;2024-10-31;aa3cf68fcxy3cf68fc21z;SYS;708;18.47;2018-02-20;2018-02-20;;;;;EUR;;;;;0.0;2025-04-24 15:59:53.917368;2025-04-24 15:59:53.917368;INVALID
XY;50;2024-10-31;a655ec248xy55ec24808z;SYS;708;0.0;2020-02-29;2020-01-23;;;;;EUR;283.15;2020-02-29;;;0.0;2025-04-24 15:59:53.917368;2025-04-24 15:59:53.917368;INVALID
XY;50;2024-10-31;a60d34ffbxy0d34ffb97z;SYS;708;13515.36;2013-02-28;2012-12-26;2012-12-26;2013-02-18;23617.0;;EUR;23617.0;2013-02-18;;;0.0;2025-04-24 15:59:53.917368;2025-04-24 15:59:53.917368;INVALID
XY;50;2024-10-31;a562d1e15xy62d1e1591z;SYS;708;2.97;2018-10-21;2018-10-19;;;;;EUR;;;;;0.0;2025-04-24 15:59:53.917368;2025-04-24 15:59:53.917368;INVALID
XY;50;2024-10-31;a55a6a6c2xy5a6a6c201z;SYS;1042;;2012-02-15;;2011-08-09;2012-02-15;37597.39;TOTAL;EUR;;;;;;2025-05-15 07:27:58.931103;2025-05-15 07:27:58.931103;INVALID
XY;50;2024-10-31;ab2b8423fxy2b8423fe3z;SYS;708;-2702.15;2017-05-31;2017-05-31;;;;;EUR;;;;;0.0;2025-04-24 15:59:53.917368;2025-04-24 15:59:53.917368;INVALID
XY;50;2024-10-31;ad14efb29xy14efb29d4z;SYS;708;0.0;2021-08-03;2021-07-14;;;;;EUR;10327.15;2021-08-03;;;0.0;2025-04-24 15:59:53.917368;2025-04-24 15:59:53.917368;INVALID
XY;50;2024-10-31;ae629ecc9xy629ecc9ddz;SYS;709;11304.82;2004-10-31;2004-10-31;2004-10-29;2004-10-29;0.0;;EUR;0.0;;0.0;;0.0;2025-04-23 12:59:44.166421;2025-04-23 12:59:44.166421;INVALID
XY;50;2024-10-31;af6033c0fxy6033c0fb3z;SYS;708;0.0;2017-10-11;2017-04-24;;;;;EUR;730.04;2017-10-11;;;0.0;2025-04-24 15:59:53.917368;2025-04-24 15:59:53.917368;INVALID
XY;50;2024-10-31;a5484d43bxy484d43bd5z;SYS;708;395.25;2018-09-11;2017-05-09;2017-05-09;2017-07-18;13619.68;;EUR;25791.42;2018-08-19;;;0.0;2025-04-24 15:59:53.917368;2025-04-24 15:59:53.917368;INVALID
XY;50;2024-10-31;aeb2c63a6xyb2c63a6a0z;SYS;708;-3945.0;2016-05-24;2016-03-25;;2016-05-04;16000.0;;EUR;20441.25;2016-05-24;;;0.0;2025-04-24 15:59:53.917368;2025-04-24 15:59:53.917368;INVALID
XY;50;2024-10-31;aa79b68edxy79b68edf8z;SYS;708;-19.12;2016-10-19;2016-06-09;;;;;EUR;1312.46;2016-10-19;;;0.0;2025-04-24 15:59:53.917368;2025-04-24 15:59:53.917368;INVALID
XY;50;2024-10-31;a7e7039b1xye7039b17bz;SYS;708;280.04;2017-05-18;2016-01-29;;;;;EUR;;;;;0.0;2025-04-24 15:59:53.917368;2025-04-24 15:59:53.917368;INVALID
XY;50;2024-10-31;acfbf81cbxyfbf81cba1z;SYS;708;10461.31;2010-01-31;2009-08-05;2009-08-05;2010-01-21;32451.0;;EUR;32451.0;2010-01-21;;;0.0;2025-04-24 15:59:53.917368;2025-04-24 15:59:53.917368;INVALID
XY;50;2024-10-31;a1ec23600xyec236009fz;SYS;708;-1770.52;2018-07-25;2018-07-25;2018-07-24;;;;EUR;;;;;0.0;2025-04-24 15:59:53.917368;2025-04-24 15:59:53.917368;INVALID
XY;50;2024-10-31;a7320a83bxy320a83b6dz;SYS;708;0.8;2018-10-31;2018-10-31;;;;;EUR;;;;;0.0;2025-04-24 15:59:53.917368;2025-04-24 15:59:53.917368;INVALID
XY;50;2024-10-31;ad5ab97a2xy5ab97a2dbz;SYS;8205;0.0;2020-09-18;2020-09-18;;;;;EUR;0.0;;;;0.0;2025-05-12 12:35:45.666462;2025-05-12 12:35:45.666462;INVALID
XY;50;2024-10-31;a46970771xy697077135z;SYS;708;-15312.46;2017-05-09;2017-05-09;;;;;EUR;;;;;0.0;2025-04-24 15:59:53.917368;2025-04-24 15:59:53.917368;INVALID
XY;50;2024-10-31;a334390b1xy34390b174z;SYS;708;0.0;2020-02-10;2017-01-25;;;;;EUR;2723.11;2020-02-10;;;0.0;2025-04-24 15:59:53.917368;2025-04-24 15:59:53.917368;INVALID
XY;50;2025-04-30;a18df4e4fxy8df4e4fcfz;SYS;2287;4000.04;2012-07-31;2012-07-31;;;0.0;TOTAL;EUR;0.0;;;;0.0;2025-05-15 07:35:24.446421;2025-05-15 07:35:24.446421;INVALID
XY;50;2024-10-31;ae30daf7cxy30daf7c4fz;SYS;708;-22.29;2013-09-30;2013-09-16;;;;;EUR;;;;;0.0;2025-04-24 15:59:53.917368;2025-04-24 15:59:53.917368;INVALID
XY;50;2024-10-31;ae1c9a1f1xy1c9a1f1d4z;SYS;708;1641.95;2018-12-11;2018-10-12;;;;;EUR;;;;;0.0;2025-04-24 15:59:53.917368;2025-04-24 15:59:53.917368;INVALID
XY;50;2024-10-31;a92e3c93axy2e3c93a87z;SYS;708;-1442.94;2018-12-26;2018-12-19;2018-12-19;;;;EUR;2009.3;2018-12-26;;;0.0;2025-04-24 15:59:53.917368;2025-04-24 15:59:53.917368;INVALID
XY;50;2024-10-31;a6454ac14xy454ac14edz;SYS;1042;14167.91;2021-03-05;2011-08-08;;;;TOTAL;EUR;393.28;2020-02-26;;;0.0;2025-05-15 07:27:58.931103;2025-05-15 07:27:58.931103;INVALID
XY;50;2024-10-31;aae99e903xye99e903afz;SYS;709;0.01;2018-02-26;2018-02-26;;;;;EUR;0.0;;0.0;;0.0;2025-04-23 12:59:44.166421;2025-04-23 12:59:44.166421;INVALID
XY;50;2024-10-31;a5bd399d0xybd399d034z;SYS;708;-1073.75;2016-12-19;2014-03-01;2014-03-01;;;;EUR;2227.68;2016-12-19;;;0.0;2025-04-24 15:59:53.917368;2025-04-24 15:59:53.917368;INVALID
XY;50;2024-10-31;a3d99f5acxyd99f5acfaz;SYS;709;5499.6;2014-02-28;2014-02-28;2014-02-27;2014-02-27;9266.0;;EUR;0.0;;0.0;;0.0;2025-04-23 12:59:44.166421;2025-04-23 12:59:44.166421;INVALID
XY;50;2024-10-31;af2eaf5ecxy2eaf5ec90z;SYS;708;18411.2;2016-01-31;2016-01-01;2015-11-01;2016-01-29;87499.0;;EUR;87499.0;2016-01-29;;;0.0;2025-04-24 15:59:53.917368;2025-04-24 15:59:53.917368;INVALID
XY;50;2024-10-31;ac38ea521xy38ea52195z;SYS;708;8.8;2021-07-26;2020-10-23;;2021-06-14;13509.0;;EUR;10355.43;2021-07-26;;;0.0;2025-04-24 15:59:53.917368;2025-04-24 15:59:53.917368;INVALID
XY;50;2024-10-31;ada081065xya08106566z;SYS;709;1017.77;2007-05-31;2004-11-30;2004-09-15;2004-11-03;0.0;;EUR;14300.0;2007-05-31;0.0;;0.0;2025-04-23 12:59:44.166421;2025-04-23 12:59:44.166421;INVALID
XY;50;2024-10-31;a04e40758xy4e40758a5z;SYS;708;5780.0;2007-09-30;2007-05-22;2007-05-22;2007-09-10;32693.31;;EUR;32693.31;2007-09-10;;;0.0;2025-04-24 15:59:53.917368;2025-04-24 15:59:53.917368;INVALID
XY;50;2024-10-31;a0f500805xyf5008057dz;SYS;708;0.0;2016-10-26;2016-07-07;2016-06-30;2016-09-13;16160.0;;EUR;22155.03;2016-10-26;;;0.0;2025-04-24 15:59:53.917368;2025-04-24 15:59:53.917368;INVALID
XY;50;2024-10-31;a7c12c978xyc12c9787bz;SYS;708;9583.49;2014-03-31;2014-02-01;2013-11-01;2014-02-28;30620.35;;EUR;31940.35;2014-03-31;;;0.0;2025-04-24 15:59:53.917368;2025-04-24 15:59:53.917368;INVALID
XY;50;2024-10-31;aa41f07d0xy41f07d062z;SYS;708;23937.02;2009-08-31;2009-05-05;2009-05-05;2009-08-21;30748.0;;EUR;30748.0;2009-08-21;;;0.0;2025-04-24 15:59:53.917368;2025-04-24 15:59:53.917368;INVALID
XY;50;2024-10-31;a320227b2xy20227b2e0z;SYS;709;0.64;2016-06-07;2016-06-07;;;;;EUR;0.0;;0.0;;0.0;2025-04-23 12:59:44.166421;2025-04-23 12:59:44.166421;INVALID
XY;50;2025-04-30;a252edf49xy52edf4989z;SYS;2287;300.68;2009-08-05;2009-08-05;;;0.0;TOTAL;EUR;0.0;;;;0.0;2025-05-15 07:35:24.446421;2025-05-15 07:35:24.446421;INVALID
XY;50;2024-10-31;aa21e5ec3xy21e5ec3fdz;SYS;708;0.0;2018-07-15;2018-01-26;2018-02-05;2018-07-13;25232.43;;EUR;14027.76;2018-07-15;;;0.0;2025-04-24 15:59:53.917368;2025-04-24 15:59:53.917368;INVALID
XY;50;2024-10-31;a738e39e6xy38e39e6c6z;SYS;708;0.0;2021-06-24;2019-06-19;;;;;EUR;334.62;2021-06-24;;;0.0;2025-04-24 15:59:53.917368;2025-04-24 15:59:53.917368;INVALID
XY;50;2024-10-31;a6067b68bxy067b68b4fz;SYS;708;3340.31;2016-06-27;2016-05-03;2016-04-26;2016-06-24;20400.0;;EUR;20400.0;2016-06-27;;;0.0;2025-04-24 15:59:53.917368;2025-04-24 15:59:53.917368;INVALID
XY;50;2024-10-31;ad4a98c99xy4a98c9942z;SYS;708;27.56;2020-02-12;2020-02-12;;;;;EUR;;;;;0.0;2025-04-24 15:59:53.917368;2025-04-24 15:59:53.917368;INVALID
XY;50;2024-10-31;afbadac37xybadac3724z;SYS;708;599642.38;2016-05-09;2010-04-27;2010-04-27;2011-02-17;1310475.73;;EUR;1659692.57;2016-05-09;;;0.0;2025-04-24 15:59:53.917368;2025-04-24 15:59:53.917368;INVALID
XY;50;2024-10-31;aa27105d6xy27105d64az;SYS;708;0.0;2017-03-07;2016-05-04;;;;;EUR;425.92;2017-03-07;;;0.0;2025-04-24 15:59:53.917368;2025-04-24 15:59:53.917368;INVALID
XY;50;2024-10-31;abb98d19axyb98d19aa3z;SYS;708;28.08;2020-09-17;2020-09-17;;;;;EUR;;;;;0.0;2025-04-24 15:59:53.917368;2025-04-24 15:59:53.917368;INVALID
XY;50;2024-10-31;a71d982e2xy1d982e22cz;SYS;708;0.0;2018-01-03;2017-08-31;;;;;EUR;144.0;2018-01-03;;;0.0;2025-04-24 15:59:53.917368;2025-04-24 15:59:53.917368;INVALID
XY;50;2024-10-31;a4a6fe175xya6fe1759ez;SYS;708;5809.74;2014-03-31;2014-03-01;2013-12-01;2014-03-27;6037.0;;EUR;6037.0;2014-03-27;;;0.0;2025-04-24 15:59:53.917368;2025-04-24 15:59:53.917368;INVALID
XY;50;2024-10-31;a2d644d4cxyd644d4ce9z;SYS;708;-300.0;2017-09-14;2016-04-19;;;;;EUR;300.0;2017-09-14;;;0.0;2025-04-24 15:59:53.917368;2025-04-24 15:59:53.917368;INVALID
XY;50;2024-10-31;a20cc0b6bxy0cc0b6b7bz;SYS;8205;494.77;2019-07-16;2019-07-02;;;;;EUR;0.0;;;;494.77;2025-05-12 12:35:45.666462;2025-05-12 12:35:45.666462;INVALID
XY;50;2024-10-31;abf84e8baxyf84e8ba94z;SYS;708;-288.88;2014-03-31;2014-03-24;;;;;EUR;;;;;0.0;2025-04-24 15:59:53.917368;2025-04-24 15:59:53.917368;INVALID
XY;50;2024-10-31;ad5b3b02axy5b3b02a31z;SYS;8205;-0.01;2021-04-20;2021-04-20;;2019-02-28;30682.46;;EUR;0.0;;;;-0.01;2025-05-12 12:35:45.666462;2025-05-12 12:35:45.666462;INVALID
XY;50;2024-10-31;afc933e7axyc933e7a32z;SYS;708;7129.74;2017-06-20;2017-05-11;2017-05-10;2017-06-20;17445.0;;EUR;17445.0;2017-06-20;;;0.0;2025-04-24 15:59:53.917368;2025-04-24 15:59:53.917368;INVALID
XY;50;2024-10-31;a30a1b5c9xy0a1b5c966z;SYS;708;14227.61;2016-11-15;2016-04-27;2016-04-26;2016-09-23;25600.0;;EUR;25600.0;2016-09-23;;;0.0;2025-04-24 15:59:53.917368;2025-04-24 15:59:53.917368;INVALID
XY;50;2024-10-31;a40e41e48xy0e41e48a0z;SYS;708;3244.51;2024-09-10;2020-06-01;;;;;EUR;0.0;;;;0.0;2025-04-24 15:59:53.917368;2025-04-24 15:59:53.917368;INVALID
XY;50;2024-10-31;aff85cb55xyf85cb559dz;SYS;708;50428.84;2009-02-28;2008-12-30;2008-12-30;2009-02-11;50475.0;;EUR;50475.0;2009-02-11;;;0.0;2025-04-24 15:59:53.917368;2025-04-24 15:59:53.917368;INVALID
XY;50;2024-10-31;a2f9241d9xyf9241d979z;SYS;708;1836.7;2019-07-09;2017-06-21;2017-09-26;2018-04-27;9355.0;;EUR;11318.62;2019-07-09;;;0.0;2025-04-24 15:59:53.917368;2025-04-24 15:59:53.917368;INVALID
XY;50;2024-10-31;a2f1822cfxyf1822cffaz;SYS;8205;0.0;2019-05-20;2019-05-20;;;;;EUR;0.0;;;;0.0;2025-05-12 12:35:45.666462;2025-05-12 12:35:45.666462;INVALID
XY;50;2024-10-31;ac226ab9cxy226ab9cc7z;SYS;708;0.0;2017-11-12;2017-10-30;;;;;EUR;4251.57;2017-11-12;;;0.0;2025-04-24 15:59:53.917368;2025-04-24 15:59:53.917368;INVALID
XY;50;2024-10-31;a7e724c40xye724c40fez;SYS;708;1905.14;2017-03-07;2016-11-01;2016-10-28;2017-01-23;29400.0;;EUR;28169.14;2017-01-23;;;0.0;2025-04-24 15:59:53.917368;2025-04-24 15:59:53.917368;INVALID
XY;50;2024-10-31;a9741f7abxy741f7abe8z;SYS;708;-879.78;2011-08-31;2011-06-15;2011-06-15;2011-08-31;17092.96;;EUR;17092.96;2011-08-31;;;0.0;2025-04-24 15:59:53.917368;2025-04-24 15:59:53.917368;INVALID
XY;50;2024-10-31;a821d2c2fxy21d2c2f40z;SYS;709;88.49;2016-05-09;2016-05-09;;;;;EUR;0.0;;0.0;;0.0;2025-04-23 12:59:44.166421;2025-04-23 12:59:44.166421;INVALID
XY;50;2024-10-31;a355643ebxy55643eb87z;SYS;708;227.03;2015-12-31;2015-10-01;2015-10-01;;;;EUR;357.4;2015-12-31;;;0.0;2025-04-24 15:59:53.917368;2025-04-24 15:59:53.917368;INVALID
XY;50;2024-10-31;ad5502e70xy5502e7010z;SYS;708;39518.41;2009-01-31;2008-10-16;2008-10-16;2009-01-07;34626.5;;EUR;34626.5;2009-01-07;;;0.0;2025-04-24 15:59:53.917368;2025-04-24 15:59:53.917368;INVALID
XY;50;2024-10-31;a445bb3a2xy45bb3a2b4z;SYS;708;-10963.95;2010-04-30;2010-04-16;2010-04-16;2010-04-19;1035916.62;;EUR;1035916.62;2010-04-19;;;0.0;2025-04-24 15:59:53.917368;2025-04-24 15:59:53.917368;INVALID
XY;50;2024-10-31;aef679502xyf67950256z;SYS;709;-116.34;2006-06-30;2005-11-30;;;;;EUR;15860.72;2006-06-30;0.0;;0.0;2025-04-23 12:59:44.166421;2025-04-23 12:59:44.166421;INVALID
XY;50;2024-10-31;ab52839bfxy52839bf12z;SYS;709;16476.44;2019-05-06;2018-09-05;2018-09-05;2019-03-28;23750.0;;EUR;23750.0;2019-03-28;0.0;;0.0;2025-04-23 12:59:44.166421;2025-04-23 12:59:44.166421;INVALID
XY;50;2024-10-31;acf53b00exyf53b00eeaz;SYS;708;268.1;2020-01-28;2019-10-07;;;;;EUR;2490.97;2020-01-27;;;0.0;2025-04-24 15:59:53.917368;2025-04-24 15:59:53.917368;INVALID
XY;50;2024-10-31;ac6d97e61xy6d97e61aez;SYS;708;25590.61;2012-08-31;2012-07-10;2012-07-10;2012-08-31;31955.32;;EUR;31955.32;2012-08-31;;;0.0;2025-04-24 15:59:53.917368;2025-04-24 15:59:53.917368;INVALID
XY;50;2024-10-31;a09e44f6fxy9e44f6f78z;SYS;708;38.61;2019-09-19;2019-09-19;;;;;EUR;;;;;0.0;2025-04-24 15:59:53.917368;2025-04-24 15:59:53.917368;INVALID
XY;50;2024-10-31;acf1e9a6fxyf1e9a6f33z;SYS;8205;0.0;2021-06-01;2021-06-01;;;;;EUR;0.0;;;;0.0;2025-05-12 12:35:45.666462;2025-05-12 12:35:45.666462;INVALID
XY;50;2024-10-31;a19264e27xy9264e27a3z;SYS;708;0.63;2016-07-11;2016-07-11;;;;;EUR;;;;;0.0;2025-04-24 15:59:53.917368;2025-04-24 15:59:53.917368;INVALID
XY;50;2025-04-30;a7c60d5b8xyc60d5b843z;SYS;2287;146817.6;2011-04-08;2011-04-08;2010-11-16;2011-04-07;45454.55;TOTAL;EUR;0.0;;;;0.0;2025-05-15 07:35:24.446421;2025-05-15 07:35:24.446421;INVALID
XY;50;2024-10-31;a3a05a6f8xya05a6f892z;SYS;708;208.38;2018-09-17;2018-06-08;;;;;EUR;1734.7;2018-09-17;;;0.0;2025-04-24 15:59:53.917368;2025-04-24 15:59:53.917368;INVALID
XY;50;2024-10-31;a718fe285xy18fe28560z;SYS;708;3985.7;2014-10-31;2012-11-01;2012-11-01;;;;EUR;4000.0;2014-10-31;;;0.0;2025-04-24 15:59:53.917368;2025-04-24 15:59:53.917368;INVALID
XY;50;2024-10-31;affc949cbxyfc949cba3z;SYS;708;0.0;2017-04-12;2016-06-28;;2016-11-14;28391.1;;EUR;28431.12;2017-04-12;;;0.0;2025-04-24 15:59:53.917368;2025-04-24 15:59:53.917368;INVALID
XY;50;2024-10-31;abd2b5cf1xyd2b5cf139z;SYS;708;0.0;2016-02-17;2015-03-03;;2015-03-03;55052.0;;EUR;56410.64;2016-02-17;;;0.0;2025-04-24 15:59:53.917368;2025-04-24 15:59:53.917368;INVALID
XY;50;2024-10-31;adf96ffe0xyf96ffe0a9z;SYS;708;13584.07;2017-12-25;2017-03-15;2017-03-15;2017-08-28;32635.0;;EUR;32635.0;2017-09-11;;;0.0;2025-04-24 15:59:53.917368;2025-04-24 15:59:53.917368;INVALID
XY;50;2024-10-31;afc8eff08xyc8eff08dfz;SYS;708;19.25;2016-05-09;2016-05-09;;;;;EUR;;;;;0.0;2025-04-24 15:59:53.917368;2025-04-24 15:59:53.917368;INVALID
XY;50;2024-10-31;ac82712a4xy82712a4f2z;SYS;708;-1266.41;2014-11-30;2014-08-25;2014-08-25;2014-10-10;79294.37;;EUR;77281.6;2014-11-30;;;0.0;2025-04-24 15:59:53.917368;2025-04-24 15:59:53.917368;INVALID
XY;50;2024-10-31;a2fa87220xyfa8722009z;SYS;708;-43839.47;2016-06-23;2014-07-11;2015-04-08;2016-06-23;70100.0;;EUR;21740.47;2016-06-23;;;0.0;2025-04-24 15:59:53.917368;2025-04-24 15:59:53.917368;INVALID
XY;50;2024-10-31;a5b53cc1bxyb53cc1bebz;SYS;709;3759.9;2012-01-31;2010-11-30;2010-11-22;2010-11-22;14464.0;;EUR;263.5;2012-01-31;0.0;;0.0;2025-04-23 12:59:44.166421;2025-04-23 12:59:44.166421;INVALID
XY;50;2024-10-31;ade1bddcbxye1bddcbf2z;SYS;708;22385.45;2024-09-09;2020-11-20;;;;;EUR;0.0;;;;0.0;2025-04-24 15:59:53.917368;2025-04-24 15:59:53.917368;INVALID
XY;50;2024-10-31;ac265b51fxy265b51f4cz;SYS;708;42.4;2019-08-06;2019-08-06;;;;;EUR;;;;;0.0;2025-04-24 15:59:53.917368;2025-04-24 15:59:53.917368;INVALID
XY;50;2024-10-31;a4423ccadxy423ccad73z;SYS;708;13353.61;2015-05-31;2014-01-01;2014-01-01;;;;EUR;21672.75;2015-05-31;;;0.0;2025-04-24 15:59:53.917368;2025-04-24 15:59:53.917368;INVALID
XY;50;2024-10-31;a91652d6axy1652d6acaz;SYS;708;0.01;2016-01-11;2015-12-01;;2015-12-16;34753.0;;EUR;34753.0;2015-12-16;;;0.0;2025-04-24 15:59:53.917368;2025-04-24 15:59:53.917368;INVALID
XY;50;2024-10-31;a5e2c0072xye2c0072c0z;SYS;708;26671.11;2018-07-16;2018-05-17;2018-05-16;;;;EUR;520.86;2018-07-16;;;0.0;2025-04-24 15:59:53.917368;2025-04-24 15:59:53.917368;INVALID
XY;50;2024-10-31;af002d610xy002d610d2z;SYS;708;29.56;2017-06-06;2017-06-06;;;;;EUR;;;;;0.0;2025-04-24 15:59:53.917368;2025-04-24 15:59:53.917368;INVALID
XY;50;2024-10-31;aacf12eeaxycf12eea31z;SYS;708;6.58;2017-06-27;2017-06-27;;;;;EUR;;;;;0.0;2025-04-24 15:59:53.917368;2025-04-24 15:59:53.917368;INVALID
XY;50;2024-10-31;a02801b22xy2801b2248z;SYS;708;-297.49;2016-12-21;2013-08-01;2013-08-28;2013-08-28;22658.0;;EUR;30889.8;2016-10-11;;;0.0;2025-04-24 15:59:53.917368;2025-04-24 15:59:53.917368;INVALID
XY;50;2024-10-31;a023ce69fxy23ce69fa9z;SYS;708;16800.21;2008-01-31;2008-01-24;2007-12-18;2008-01-24;48585.0;;EUR;48585.0;2008-01-24;;;0.0;2025-04-24 15:59:53.917368;2025-04-24 15:59:53.917368;INVALID
XY;50;2024-10-31;adb3ae8f4xyb3ae8f422z;SYS;708;-6062.44;2017-03-31;2017-03-06;2017-03-05;;;;EUR;7239.73;2017-03-31;;;0.0;2025-04-24 15:59:53.917368;2025-04-24 15:59:53.917368;INVALID
XY;50;2024-10-31;acdb13c50xydb13c5003z;SYS;708;0.0;2017-07-10;2017-02-17;;;;;EUR;961.25;2017-07-10;;;0.0;2025-04-24 15:59:53.917368;2025-04-24 15:59:53.917368;INVALID
XY;50;2024-09-30;a2488d249xy488d24909z;SYS;3250;7625.92;2018-02-28;2018-02-28;;;0.0;EARLY_SETTLEMENT;EUR;0.0;;;;7625.92;2025-05-14 10:30:53.994727;2025-05-14 10:30:53.994727;VALID
XY;50;2024-10-31;aed3f0450xyd3f0450eaz;SYS;708;19379.05;2017-08-20;2017-03-13;2017-03-09;2017-08-18;2690.0;;EUR;2690.0;2017-08-18;;;0.0;2025-04-24 15:59:53.917368;2025-04-24 15:59:53.917368;INVALID
XY;50;2024-10-31;a97c824c2xy7c824c23fz;SYS;708;32205.32;2010-09-30;2009-10-27;2009-10-27;2010-09-30;2772.88;;EUR;2772.88;2010-09-30;;;0.0;2025-04-24 15:59:53.917368;2025-04-24 15:59:53.917368;INVALID
XY;50;2025-04-30;a58bfc3d0xy8bfc3d048z;SYS;2287;19.05;2012-10-16;2012-10-16;;;0.0;TOTAL;EUR;0.0;;;;0.0;2025-05-15 07:35:24.446421;2025-05-15 07:35:24.446421;INVALID
XY;50;2024-09-30;a3c7e1072xyc7e1072dfz;SYS;3250;1819209.05;2022-07-21;2022-07-21;2021-08-09;2022-07-20;1349008.0;HOSTILE;EUR;0.0;;;;1819209.05;2025-05-14 10:30:53.994727;2025-05-14 10:30:53.994727;VALID
XY;50;2024-10-31;af28c7caaxy28c7caa05z;SYS;708;420.0;2013-02-20;2011-08-15;;2011-08-16;19944.0;;EUR;19944.0;2011-08-16;;;0.0;2025-04-24 15:59:53.917368;2025-04-24 15:59:53.917368;INVALID
XY;50;2024-10-31;af72497cfxy72497cf3bz;SYS;708;578.3;2020-04-12;2020-04-10;;;;;EUR;;;;;0.0;2025-04-24 15:59:53.917368;2025-04-24 15:59:53.917368;INVALID
XY;50;2024-10-31;a248c8974xy48c8974c2z;SYS;708;0.0;2016-05-30;2016-04-04;2016-04-04;2016-05-13;28345.0;;EUR;28700.0;2016-05-13;;;0.0;2025-04-24 15:59:53.917368;2025-04-24 15:59:53.917368;INVALID
XY;50;2024-10-31;a48b5e23exy8b5e23e88z;SYS;708;6940.55;2024-07-28;2023-09-08;;;;;EUR;1318.24;2024-07-28;;;0.0;2025-04-24 15:59:53.917368;2025-04-24 15:59:53.917368;INVALID
XY;50;2024-10-31;ab8c76ef0xy8c76ef00bz;SYS;708;1007.3;2008-11-30;2008-11-10;;2008-11-10;25354.0;;EUR;25354.0;2008-11-10;;;0.0;2025-04-24 15:59:53.917368;2025-04-24 15:59:53.917368;INVALID
XY;50;2024-10-31;a192f5b88xy92f5b88afz;SYS;708;-18292.83;2017-10-15;2005-11-30;2005-11-30;2006-01-24;43666.0;;EUR;61958.83;2017-10-15;;;0.0;2025-04-24 15:59:53.917368;2025-04-24 15:59:53.917368;INVALID
XY;50;2024-10-31;a0d1805eexyd1805ee60z;SYS;708;-25.83;2014-05-31;2012-03-23;;;;;EUR;;;;;0.0;2025-04-24 15:59:53.917368;2025-04-24 15:59:53.917368;INVALID
XY;50;2025-04-30;a5865747cxy865747ccfz;SYS;2287;12.87;2010-05-18;2010-05-18;;;0.0;TOTAL;EUR;0.0;;;;0.0;2025-05-15 07:35:24.446421;2025-05-15 07:35:24.446421;INVALID
XY;50;2024-10-31;a858fa100xy58fa100afz;SYS;708;3055.84;2017-02-15;2016-09-01;2016-09-07;2016-11-17;10708.0;;EUR;10853.24;2017-02-15;;;0.0;2025-04-24 15:59:53.917368;2025-04-24 15:59:53.917368;INVALID
XY;50;2024-10-31;afdf8dd82xydf8dd82fcz;SYS;708;72.0;2018-04-19;2017-10-30;2017-10-27;2017-12-29;23189.25;;EUR;17842.28;2018-01-17;;;0.0;2025-04-24 15:59:53.917368;2025-04-24 15:59:53.917368;INVALID
XY;50;2024-10-31;acbff9341xybff9341cdz;SYS;708;71902.99;2016-09-21;2016-06-06;2016-06-03;2016-09-21;52925.0;;EUR;52925.0;2016-09-21;;;0.0;2025-04-24 15:59:53.917368;2025-04-24 15:59:53.917368;INVALID
XY;50;2024-09-30;ab939108axy939108a0ez;SYS;3250;5007.0;2021-12-24;2021-06-08;;;0.0;EARLY_SETTLEMENT;EUR;43.0;2021-12-24;;;5007.0;2025-05-14 10:30:53.994727;2025-05-14 10:30:53.994727;VALID
XY;50;2024-10-31;ad8a40f13xy8a40f13d9z;SYS;708;43.78;2019-01-15;2019-01-15;;;;;EUR;;;;;0.0;2025-04-24 15:59:53.917368;2025-04-24 15:59:53.917368;INVALID
XY;50;2024-10-31;ab8875403xy8875403b5z;SYS;708;192.78;2021-10-27;2021-10-27;;;;;EUR;;;;;0.0;2025-04-24 15:59:53.917368;2025-04-24 15:59:53.917368;INVALID
XY;50;2024-10-31;a3f0943c0xyf0943c064z;SYS;708;0.0;2016-12-01;2016-11-04;;;;;EUR;;;;;0.0;2025-04-24 15:59:53.917368;2025-04-24 15:59:53.917368;INVALID
XY;50;2024-10-31;a44ccbcb1xy4ccbcb1f0z;SYS;708;0.0;2018-04-16;2018-03-09;;;;;EUR;161.17;2018-04-16;;;0.0;2025-04-24 15:59:53.917368;2025-04-24 15:59:53.917368;INVALID
XY;50;2024-10-31;a639603a3xy39603a3b3z;SYS;708;165375.06;2019-07-30;2019-01-22;2019-02-05;;;;EUR;4800.0;2019-07-30;;;0.0;2025-04-24 15:59:53.917368;2025-04-24 15:59:53.917368;INVALID
XY;50;2024-10-31;a5affe267xyaffe2679cz;SYS;708;0.02;2016-05-16;2016-05-16;;;;;EUR;;;;;0.0;2025-04-24 15:59:53.917368;2025-04-24 15:59:53.917368;INVALID
XY;50;2024-10-31;a9ab559efxyab559ef6bz;SYS;708;0.0;2017-07-06;2016-06-27;;;;;EUR;4794.41;2017-07-06;;;0.0;2025-04-24 15:59:53.917368;2025-04-24 15:59:53.917368;INVALID
XY;50;2024-10-31;a1f7c3cb5xyf7c3cb512z;SYS;8205;974.16;2017-07-21;2017-07-21;2017-02-28;2017-04-14;17100.0;;EUR;0.0;;;;974.16;2025-05-12 12:35:45.666462;2025-05-12 12:35:45.666462;INVALID
XY;50;2024-10-31;a6e66823axye66823aadz;SYS;708;27519.02;2010-06-30;2010-02-25;2010-02-25;2010-06-25;21595.0;;EUR;21595.0;2010-06-25;;;0.0;2025-04-24 15:59:53.917368;2025-04-24 15:59:53.917368;INVALID
XY;50;2024-10-31;a9b8b7d4exyb8b7d4e10z;SYS;708;6171.22;2007-08-31;2007-06-25;2007-06-25;2007-08-16;11355.0;;EUR;11355.0;2007-08-16;;;0.0;2025-04-24 15:59:53.917368;2025-04-24 15:59:53.917368;INVALID
XY;50;2025-04-30;a2e9a4cbfxye9a4cbf53z;SYS;2287;12.71;2009-06-03;2009-06-03;;;0.0;TOTAL;EUR;0.0;;;;0.0;2025-05-15 07:35:24.446421;2025-05-15 07:35:24.446421;INVALID
XY;50;2024-10-31;a250ccb96xy50ccb96bbz;SYS;708;13044.82;2016-06-13;2016-04-08;2016-04-08;2016-06-13;13700.0;;EUR;13700.0;2016-06-13;;;0.0;2025-04-24 15:59:53.917368;2025-04-24 15:59:53.917368;INVALID
XY;50;2024-10-31;adabde239xyabde23938z;SYS;708;0.78;2017-03-28;2017-03-28;;;;;EUR;;;;;0.0;2025-04-24 15:59:53.917368;2025-04-24 15:59:53.917368;INVALID
XY;50;2024-10-31;a5122f3fbxy122f3fb56z;SYS;708;5880.49;2015-12-31;2015-10-01;2015-08-01;2015-10-07;14205.0;;EUR;14496.44;2015-12-31;;;0.0;2025-04-24 15:59:53.917368;2025-04-24 15:59:53.917368;INVALID
XY;50;2024-10-31;a6d8c80bfxyd8c80bf71z;SYS;708;17189.16;2016-07-27;2011-01-24;2011-01-24;2011-04-22;98880.0;;EUR;114171.0;2016-07-27;;;0.0;2025-04-24 15:59:53.917368;2025-04-24 15:59:53.917368;INVALID
XY;50;2024-10-31;af8a03da5xy8a03da5c5z;SYS;708;-2000.0;2008-03-31;2006-06-13;2006-06-13;2006-07-19;77295.88;;EUR;79295.88;2008-03-31;;;0.0;2025-04-24 15:59:53.917368;2025-04-24 15:59:53.917368;INVALID
XY;50;2024-10-31;a75f141d4xy5f141d420z;SYS;708;-30200.0;2016-05-22;2015-07-06;2015-07-06;;;;EUR;31000.0;2016-05-22;;;0.0;2025-04-24 15:59:53.917368;2025-04-24 15:59:53.917368;INVALID
XY;50;2024-10-31;ac303b892xy303b8921dz;SYS;708;0.0;2016-10-20;2016-06-21;;2016-08-19;26734.0;;EUR;37723.06;2016-10-20;;;0.0;2025-04-24 15:59:53.917368;2025-04-24 15:59:53.917368;INVALID
XY;50;2024-10-31;a5ba7a99bxyba7a99b67z;SYS;708;-10.89;2016-08-28;2015-09-01;2015-09-01;;;;EUR;1086.66;2016-08-28;;;0.0;2025-04-24 15:59:53.917368;2025-04-24 15:59:53.917368;INVALID
XY;50;2024-10-31;a867df23dxy67df23d07z;SYS;708;921.59;2019-01-30;2018-07-06;;;;;EUR;1241.61;2019-01-30;;;0.0;2025-04-24 15:59:53.917368;2025-04-24 15:59:53.917368;INVALID
XY;50;2025-04-30;a1c703916xyc7039161fz;SYS;2287;4.96;2011-12-08;2011-12-08;;;0.0;TOTAL;EUR;0.0;;;;0.0;2025-05-15 07:35:24.446421;2025-05-15 07:35:24.446421;INVALID
XY;50;2024-10-31;a430bec39xy30bec3905z;SYS;708;0.0;2017-07-31;2017-02-24;;;;;EUR;8529.53;2017-07-31;;;0.0;2025-04-24 15:59:53.917368;2025-04-24 15:59:53.917368;INVALID
XY;50;2024-10-31;a05debc54xy5debc54d0z;SYS;708;0.01;2015-05-20;2015-04-17;;2015-05-20;32081.9;;EUR;32081.9;2015-05-20;;;0.0;2025-04-24 15:59:53.917368;2025-04-24 15:59:53.917368;INVALID
XY;50;2024-10-31;af0b86155xy0b8615506z;SYS;1042;3261.05;2016-05-03;2009-03-02;;;;TOTAL;EUR;180.36;2016-05-03;;;0.0;2025-05-15 07:27:58.931103;2025-05-15 07:27:58.931103;INVALID
XY;50;2024-10-31;adcbacf07xycbacf07eaz;SYS;708;1.6;2016-07-07;2016-07-07;;;;;EUR;;;;;0.0;2025-04-24 15:59:53.917368;2025-04-24 15:59:53.917368;INVALID
XY;50;2024-10-31;a90bbf195xy0bbf195baz;SYS;708;273.68;2017-11-20;2017-11-20;;;;;EUR;;;;;0.0;2025-04-24 15:59:53.917368;2025-04-24 15:59:53.917368;INVALID
XY;50;2024-10-31;ab92b7f09xy92b7f097az;SYS;708;0.0;2016-05-26;2016-05-03;2016-04-19;;;;EUR;;;;;0.0;2025-04-24 15:59:53.917368;2025-04-24 15:59:53.917368;INVALID
XY;50;2024-10-31;a57d13cfexy7d13cfe3dz;SYS;708;615.58;2015-12-10;2015-06-02;;2015-06-02;25719.0;;EUR;25719.0;2015-06-02;;;0.0;2025-04-24 15:59:53.917368;2025-04-24 15:59:53.917368;INVALID
XY;50;2024-09-30;a0ef56bb3xyef56bb35az;SYS;3250;1027840.14;2014-10-29;2014-09-30;;;0.0;EARLY_SETTLEMENT;EUR;1700000.0;2014-10-29;;;1027840.14;2025-05-14 10:30:53.994727;2025-05-14 10:30:53.994727;VALID
XY;50;2024-10-31;a9dfa122exydfa122e3dz;SYS;708;13.6;2016-11-07;2016-11-07;;;;;EUR;;;;;0.0;2025-04-24 15:59:53.917368;2025-04-24 15:59:53.917368;INVALID
XY;50;2024-10-31;a3a3fccd6xya3fccd6f1z;SYS;1042;10199.4;2012-11-20;2012-11-20;2010-06-04;2010-06-29;10600.0;TOTAL;EUR;;;;;0.0;2025-05-15 07:27:58.931103;2025-05-15 07:27:58.931103;INVALID
XY;50;2024-10-31;af8344ffdxy8344ffd27z;SYS;708;13870.42;2015-09-30;2014-04-01;2014-04-01;;;;EUR;53112.0;2015-09-30;;;0.0;2025-04-24 15:59:53.917368;2025-04-24 15:59:53.917368;INVALID
XY;50;2024-10-31;a027cf23cxy27cf23c22z;SYS;708;0.9;2018-07-29;2018-07-27;;;;;EUR;;;;;0.0;2025-04-24 15:59:53.917368;2025-04-24 15:59:53.917368;INVALID
XY;50;2024-10-31;a40a68b55xy0a68b55c8z;SYS;708;99349.6;2009-03-31;2008-12-15;2008-12-15;2009-03-23;93309.92;;EUR;93309.92;2009-03-23;;;0.0;2025-04-24 15:59:53.917368;2025-04-24 15:59:53.917368;INVALID
XY;50;2024-10-31;a114d9374xy14d9374a3z;SYS;708;48239.78;2019-09-10;2015-01-01;2015-01-01;;;;EUR;;;;;0.0;2025-04-24 15:59:53.917368;2025-04-24 15:59:53.917368;INVALID
XY;50;2024-10-31;aa40c96f9xy40c96f97dz;SYS;8205;0.0;2021-04-20;2021-04-20;;2017-06-22;36639.14;;EUR;0.0;;;;0.0;2025-05-12 12:35:45.666462;2025-05-12 12:35:45.666462;INVALID
XY;50;2024-10-31;a14177b13xy4177b1353z;SYS;708;0.0;2017-06-19;2017-03-31;;;;;EUR;1462.83;2017-06-19;;;0.0;2025-04-24 15:59:53.917368;2025-04-24 15:59:53.917368;INVALID
XY;50;2025-04-30;a9de60617xyde6061702z;SYS;2287;0.41;2009-09-15;2009-09-15;;;0.0;TOTAL;EUR;0.0;;;;0.0;2025-05-15 07:35:24.446421;2025-05-15 07:35:24.446421;INVALID
XY;50;2024-10-31;ac357534exy357534ef1z;SYS;708;2596.39;2016-06-27;2016-05-13;2016-05-12;2016-06-24;17110.0;;EUR;17110.0;2016-06-27;;;0.0;2025-04-24 15:59:53.917368;2025-04-24 15:59:53.917368;INVALID
XY;50;2024-10-31;a1d131747xyd1317479fz;SYS;708;22247.34;2008-02-29;2007-06-11;2007-06-11;2008-02-13;20206.54;;EUR;20206.54;2008-02-13;;;0.0;2025-04-24 15:59:53.917368;2025-04-24 15:59:53.917368;INVALID
XY;50;2024-10-31;a49c9444dxy9c9444d7ez;SYS;708;33451.54;2020-12-20;2017-10-16;2018-02-13;2018-04-30;8900.0;;EUR;11446.58;2020-12-20;;;0.0;2025-04-24 15:59:53.917368;2025-04-24 15:59:53.917368;INVALID
XY;50;2024-10-31;a64da3b37xy4da3b37ecz;SYS;708;10979.84;2014-11-30;2014-10-01;2014-08-01;2014-10-21;39827.2;;EUR;40877.2;2014-11-30;;;0.0;2025-04-24 15:59:53.917368;2025-04-24 15:59:53.917368;INVALID
XY;50;2024-10-31;a97e06c5dxy7e06c5d67z;SYS;8205;12246.86;2020-03-18;2020-03-18;;2020-01-09;12800.0;;EUR;0.0;;;;12246.86;2025-05-12 12:35:45.666462;2025-05-12 12:35:45.666462;INVALID
XY;50;2024-10-31;a82bd4abfxy2bd4abfa1z;SYS;708;9047.65;2018-02-11;2017-12-18;2017-12-18;2018-02-09;16430.0;;EUR;16430.0;2018-02-09;;;0.0;2025-04-24 15:59:53.917368;2025-04-24 15:59:53.917368;INVALID
XY;50;2024-10-31;a01722595xy172259560z;SYS;708;-9.71;2016-07-25;2016-04-06;2016-04-06;2016-06-28;4800.0;;EUR;11400.72;2016-07-25;;;0.0;2025-04-24 15:59:53.917368;2025-04-24 15:59:53.917368;INVALID
XY;50;2024-09-30;a9ee9d13cxyee9d13c3cz;SYS;3250;1117.89;2014-04-23;2014-04-23;;;0.0;EARLY_SETTLEMENT;EUR;0.0;;;;1117.89;2025-05-14 10:30:53.994727;2025-05-14 10:30:53.994727;VALID
XY;50;2024-10-31;a6df9315cxydf9315cf8z;SYS;708;27528.88;2008-06-30;2007-12-17;2007-12-17;2008-06-17;18141.0;;EUR;18141.0;2008-06-17;;;0.0;2025-04-24 15:59:53.917368;2025-04-24 15:59:53.917368;INVALID
XY;50;2024-10-31;a77695a05xy7695a05faz;SYS;708;-27.69;2017-05-18;2015-02-19;;;;;EUR;;;;;0.0;2025-04-24 15:59:53.917368;2025-04-24 15:59:53.917368;INVALID
XY;50;2024-10-31;a84375c5exy4375c5e2fz;SYS;708;0.0;2020-02-10;2019-04-24;;2019-05-29;476964.43;;EUR;478156.39;2019-07-25;;;0.0;2025-04-24 15:59:53.917368;2025-04-24 15:59:53.917368;INVALID
XY;50;2024-10-31;afa9bfb37xya9bfb3747z;SYS;1042;15.4;2020-03-05;2020-03-05;;;;TOTAL;EUR;;;;;0.0;2025-05-15 07:27:58.931103;2025-05-15 07:27:58.931103;INVALID
XY;50;2024-10-31;a36b7c66bxy6b7c66b37z;SYS;708;662.24;2016-01-11;2015-11-10;;2015-12-11;39897.0;;EUR;39897.0;2015-12-11;;;0.0;2025-04-24 15:59:53.917368;2025-04-24 15:59:53.917368;INVALID
XY;50;2024-10-31;ac0ffcc4cxy0ffcc4c73z;SYS;708;206.41;2018-04-23;2016-12-29;;;;;EUR;2007.77;2018-04-23;;;0.0;2025-04-24 15:59:53.917368;2025-04-24 15:59:53.917368;INVALID
XY;50;2024-09-30;aa8eeb802xy8eeb80261z;SYS;3250;7827.6;2013-06-17;2013-06-17;;;0.0;EARLY_SETTLEMENT;EUR;0.0;;;;7827.6;2025-05-14 10:30:53.994727;2025-05-14 10:30:53.994727;VALID
XY;50;2024-10-31;a3404147exy404147e08z;SYS;708;4.35;2019-01-23;2019-01-23;;;;;EUR;;;;;0.0;2025-04-24 15:59:53.917368;2025-04-24 15:59:53.917368;INVALID
XY;50;2024-10-31;ab7a5993axy7a5993a30z;SYS;708;-2850.56;2017-12-31;2017-12-21;2017-12-19;;;;EUR;2311.0;2017-12-31;;;0.0;2025-04-24 15:59:53.917368;2025-04-24 15:59:53.917368;INVALID
XY;50;2025-04-30;aa2b06f10xy2b06f100cz;SYS;2287;14846.84;2011-11-11;2011-11-11;2011-10-26;2011-11-09;39090.91;TOTAL;EUR;1344.38;2011-11-18;;;0.0;2025-05-15 07:35:24.446421;2025-05-15 07:35:24.446421;INVALID
XY;50;2024-10-31;ab0ec8031xy0ec80318fz;SYS;708;41021.8;2008-12-31;2008-07-01;2008-06-27;2008-12-15;23774.0;;EUR;23774.0;2008-12-15;;;0.0;2025-04-24 15:59:53.917368;2025-04-24 15:59:53.917368;INVALID
XY;50;2024-10-31;a3aab1bfbxyaab1bfb0ez;SYS;708;71360.86;2011-05-31;2011-02-17;2011-02-17;2011-05-23;176482.65;;EUR;176482.65;2011-05-23;;;0.0;2025-04-24 15:59:53.917368;2025-04-24 15:59:53.917368;INVALID
XY;50;2024-10-31;a4471a32exy471a32e41z;SYS;708;7101.78;2016-04-30;2015-03-01;2015-03-01;;;;EUR;563.52;2016-04-30;;;0.0;2025-04-24 15:59:53.917368;2025-04-24 15:59:53.917368;INVALID
XY;50;2024-10-31;a75cf3472xy5cf347258z;SYS;708;19726.79;2009-01-31;2009-01-09;2008-12-11;2009-01-09;40470.0;;EUR;40470.0;2009-01-09;;;0.0;2025-04-24 15:59:53.917368;2025-04-24 15:59:53.917368;INVALID
XY;50;2024-10-31;a218bbabfxy18bbabfb8z;SYS;708;13.9;2016-05-08;2016-05-06;;;;;EUR;;;;;0.0;2025-04-24 15:59:53.917368;2025-04-24 15:59:53.917368;INVALID
XY;50;2024-10-31;a264ee510xy64ee51062z;SYS;708;-1229.76;2016-01-31;2015-10-19;2015-10-19;2016-01-19;45200.0;;EUR;54700.72;2016-01-31;;;0.0;2025-04-24 15:59:53.917368;2025-04-24 15:59:53.917368;INVALID
XY;50;2024-10-31;af19d1403xy19d1403d3z;SYS;708;-134.16;2014-04-30;2014-04-23;;;;;EUR;;;;;0.0;2025-04-24 15:59:53.917368;2025-04-24 15:59:53.917368;INVALID
XY;50;2024-10-31;af4629ef2xy4629ef230z;SYS;708;3.11;2016-06-05;2016-06-03;;;;;EUR;;;;;0.0;2025-04-24 15:59:53.917368;2025-04-24 15:59:53.917368;INVALID
XY;50;2024-10-31;aa89af9b4xy89af9b4e2z;SYS;708;-76.35;2013-09-30;2013-07-01;2013-07-01;;;;EUR;1117.17;2013-09-30;;;0.0;2025-04-24 15:59:53.917368;2025-04-24 15:59:53.917368;INVALID
XY;50;2024-10-31;a4644e5b7xy644e5b7eaz;SYS;708;1.05;2019-11-25;2019-11-25;;;;;EUR;;;;;0.0;2025-04-24 15:59:53.917368;2025-04-24 15:59:53.917368;INVALID
XY;50;2024-10-31;a25feab9cxy5feab9c0fz;SYS;708;5.0;2016-10-31;2016-10-31;;;;;EUR;;;;;0.0;2025-04-24 15:59:53.917368;2025-04-24 15:59:53.917368;INVALID
XY;50;2024-10-31;a1cbe8f27xycbe8f2721z;SYS;708;11863.43;2011-07-31;2011-02-25;2011-02-03;2011-07-07;1695.42;;EUR;1695.42;2011-07-07;;;0.0;2025-04-24 15:59:53.917368;2025-04-24 15:59:53.917368;INVALID
XY;50;2024-10-31;a572c0fc6xy72c0fc6e8z;SYS;708;-16144.14;2013-10-31;2013-04-08;2013-04-08;2013-10-09;296198.11;;EUR;296198.11;2013-10-09;;;0.0;2025-04-24 15:59:53.917368;2025-04-24 15:59:53.917368;INVALID
XY;50;2024-10-31;a2de13c2exyde13c2eafz;SYS;708;18851.26;2015-11-30;2014-04-01;2014-04-01;;;;EUR;15000.0;2015-11-30;;;0.0;2025-04-24 15:59:53.917368;2025-04-24 15:59:53.917368;INVALID
XY;50;2025-04-30;aff2144f0xyf2144f055z;SYS;2287;2746.82;2010-07-26;2010-07-26;2010-05-19;2010-07-23;40000.0;TOTAL;EUR;0.0;;;;0.0;2025-05-15 07:35:24.446421;2025-05-15 07:35:24.446421;INVALID
XY;50;2024-10-31;afec6a848xyec6a84815z;SYS;708;2818.59;2020-10-13;2020-10-13;;;;;EUR;;;;;0.0;2025-04-24 15:59:53.917368;2025-04-24 15:59:53.917368;INVALID
XY;50;2024-10-31;a3088aa4cxy088aa4ce7z;SYS;708;0.0;2019-04-14;2019-02-21;2019-02-20;2019-04-12;13861.5;;EUR;12691.43;2019-04-14;;;0.0;2025-04-24 15:59:53.917368;2025-04-24 15:59:53.917368;INVALID
XY;50;2024-10-31;a9f61e9c0xyf61e9c000z;SYS;708;1.27;2016-05-05;2016-05-05;;;;;EUR;;;;;0.0;2025-04-24 15:59:53.917368;2025-04-24 15:59:53.917368;INVALID
XY;50;2024-10-31;aa9c699c8xy9c699c8efz;SYS;708;33.47;2016-06-29;2016-06-29;;;;;EUR;;;;;0.0;2025-04-24 15:59:53.917368;2025-04-24 15:59:53.917368;INVALID
XY;50;2024-10-31;a46dc6fffxy6dc6fff2cz;SYS;709;0.96;2016-06-24;2016-06-24;;;;;EUR;0.0;;0.0;;0.0;2025-04-23 12:59:44.166421;2025-04-23 12:59:44.166421;INVALID
XY;50;2024-10-31;aa24bae29xy24bae29ffz;SYS;708;130.57;2017-01-23;2015-09-29;;2015-10-05;29334.0;;EUR;29856.27;2017-01-23;;;0.0;2025-04-24 15:59:53.917368;2025-04-24 15:59:53.917368;INVALID
XY;50;2024-10-31;aa01a6fc8xy01a6fc8bdz;SYS;708;2496.37;2021-06-08;2017-06-27;2017-06-16;2017-12-05;19840.0;;EUR;23457.97;2021-06-08;;;0.0;2025-04-24 15:59:53.917368;2025-04-24 15:59:53.917368;INVALID
XY;50;2024-10-31;a1f8857c6xyf8857c614z;SYS;1042;5023.82;2020-09-23;2020-03-05;2017-05-29;2017-08-10;10400.0;TOTAL;EUR;;;;;0.0;2025-05-15 07:27:58.931103;2025-05-15 07:27:58.931103;INVALID
XY;50;2024-10-31;a900248b0xy00248b0bez;SYS;708;15.0;2019-01-09;2019-01-09;;;;;EUR;;;;;0.0;2025-04-24 15:59:53.917368;2025-04-24 15:59:53.917368;INVALID
XY;50;2024-10-31;ad1fe4849xy1fe4849a0z;SYS;708;0.44;2018-10-29;2018-10-29;;;;;EUR;;;;;0.0;2025-04-24 15:59:53.917368;2025-04-24 15:59:53.917368;INVALID
XY;50;2024-10-31;a38364d96xy8364d965bz;SYS;708;2794.74;2017-04-05;2016-09-27;;;;;EUR;15487.22;2017-04-05;;;0.0;2025-04-24 15:59:53.917368;2025-04-24 15:59:53.917368;INVALID
XY;50;2024-10-31;a9d48e651xyd48e6512az;SYS;708;14905.19;2011-12-31;2008-05-02;2008-05-02;2008-09-26;41589.0;;EUR;43707.27;2011-12-31;;;0.0;2025-04-24 15:59:53.917368;2025-04-24 15:59:53.917368;INVALID
XY;50;2024-10-31;a29124afaxy9124afa8fz;SYS;708;1121.08;2018-06-18;2018-06-18;;;;;EUR;;;;;0.0;2025-04-24 15:59:53.917368;2025-04-24 15:59:53.917368;INVALID
XY;50;2024-10-31;aa28bdc6dxy28bdc6d61z;SYS;708;9229.44;2007-06-30;2007-04-19;2007-04-19;2007-06-05;40330.0;;EUR;40330.0;2007-06-05;;;0.0;2025-04-24 15:59:53.917368;2025-04-24 15:59:53.917368;INVALID
XY;50;2024-10-31;a6ebd7b98xyebd7b981bz;SYS;708;307.67;2018-04-12;2018-04-12;;;;;EUR;;;;;0.0;2025-04-24 15:59:53.917368;2025-04-24 15:59:53.917368;INVALID
XY;50;2024-10-31;ab2136955xy2136955edz;SYS;708;38.19;2019-08-11;2019-08-06;2019-07-27;;;;EUR;687.56;2019-08-11;;;0.0;2025-04-24 15:59:53.917368;2025-04-24 15:59:53.917368;INVALID
XY;50;2024-10-31;a7cd87b22xycd87b221bz;SYS;708;0.0;2017-06-12;2017-06-06;;2017-06-12;43736.53;;EUR;43736.53;2017-06-12;;;0.0;2025-04-24 15:59:53.917368;2025-04-24 15:59:53.917368;INVALID
XY;50;2024-10-31;ad87c5747xy87c5747d8z;SYS;708;18710.12;2009-02-28;2008-11-26;2008-11-26;2009-02-25;25700.0;;EUR;25700.0;2009-02-25;;;0.0;2025-04-24 15:59:53.917368;2025-04-24 15:59:53.917368;INVALID
XY;50;2024-10-31;a36cb2f08xy6cb2f08aaz;SYS;708;0.14;2016-06-05;2016-06-03;;;;;EUR;;;;;0.0;2025-04-24 15:59:53.917368;2025-04-24 15:59:53.917368;INVALID
XY;50;2024-10-31;ad8ab7b53xy8ab7b534az;SYS;708;0.5;2019-11-13;2019-11-13;;;;;EUR;;;;;0.0;2025-04-24 15:59:53.917368;2025-04-24 15:59:53.917368;INVALID
XY;50;2024-10-31;a6d71db94xyd71db9493z;SYS;708;10198.39;2017-07-10;2017-07-10;;;;;EUR;;;;;0.0;2025-04-24 15:59:53.917368;2025-04-24 15:59:53.917368;INVALID
XY;50;2025-04-30;a00794339xy079433961z;SYS;2287;25937.12;2009-07-31;2009-07-31;2009-04-06;2009-07-01;60797.27;TOTAL;EUR;0.0;;;;0.0;2025-05-15 07:35:24.446421;2025-05-15 07:35:24.446421;INVALID
XY;50;2024-10-31;a948ca6c0xy48ca6c04az;SYS;708;-604.0;2020-09-13;2014-06-01;2013-12-03;;;;EUR;604.0;2020-09-13;;;0.0;2025-04-24 15:59:53.917368;2025-04-24 15:59:53.917368;INVALID
XY;50;2024-10-31;a9a86375dxya86375d52z;SYS;708;0.0;2019-12-05;2016-09-23;;;;;EUR;2551.43;2019-12-05;;;0.0;2025-04-24 15:59:53.917368;2025-04-24 15:59:53.917368;INVALID
XY;50;2024-10-31;afc7fd14fxyc7fd14f8dz;SYS;708;0.02;2016-10-20;2016-10-20;;;;;EUR;;;;;0.0;2025-04-24 15:59:53.917368;2025-04-24 15:59:53.917368;INVALID
XY;50;2024-10-31;a3840558fxy840558f20z;SYS;709;0.01;2016-06-27;2016-06-27;;;;;EUR;0.0;;0.0;;0.0;2025-04-23 12:59:44.166421;2025-04-23 12:59:44.166421;INVALID
XY;50;2024-10-31;a9ade85c6xyade85c656z;SYS;708;-818.82;2013-08-31;2013-07-01;2013-07-01;;;;EUR;6212.36;2013-08-31;;;0.0;2025-04-24 15:59:53.917368;2025-04-24 15:59:53.917368;INVALID
XY;50;2024-10-31;aed080dcfxyd080dcff9z;SYS;708;-51686.43;2014-05-31;2013-01-10;;;;;EUR;;;;;0.0;2025-04-24 15:59:53.917368;2025-04-24 15:59:53.917368;INVALID
XY;50;2024-10-31;ad62d635cxy62d635c7az;SYS;708;-55.59;2016-06-20;2015-10-01;2015-10-01;;;;EUR;4534.78;2016-04-30;;;0.0;2025-04-24 15:59:53.917368;2025-04-24 15:59:53.917368;INVALID
XY;50;2025-04-30;a34236a96xy4236a9696z;SYS;2287;21908.61;2012-03-13;2012-03-13;2012-01-23;2012-03-08;5454.55;TOTAL;EUR;0.0;;;;0.0;2025-05-15 07:35:24.446421;2025-05-15 07:35:24.446421;INVALID
XY;50;2024-09-30;ab69d0293xy69d0293d9z;SYS;3250;1737504.63;2015-11-26;2014-10-31;2015-01-21;2015-11-26;746269.0;EARLY_SETTLEMENT;EUR;746269.0;2015-11-26;;;1737504.63;2025-05-14 10:30:53.994727;2025-05-14 10:30:53.994727;VALID
XY;50;2024-10-31;a4299286exy299286e5dz;SYS;708;4885.35;2017-06-30;2017-06-30;;;;;EUR;;;;;0.0;2025-04-24 15:59:53.917368;2025-04-24 15:59:53.917368;INVALID
XY;50;2024-10-31;a0aaa08f4xyaaa08f4c4z;SYS;708;8583.66;2016-11-20;2016-04-01;2016-04-01;2016-11-18;12750.0;;EUR;12750.0;2016-11-20;;;0.0;2025-04-24 15:59:53.917368;2025-04-24 15:59:53.917368;INVALID
XY;50;2024-10-31;a377437edxy77437edbfz;SYS;708;-129154.12;2011-12-31;2011-11-04;;;;;EUR;;;;;0.0;2025-04-24 15:59:53.917368;2025-04-24 15:59:53.917368;INVALID
XY;50;2024-10-31;a3a2c6959xya2c6959c3z;SYS;708;19624.9;2018-06-26;2018-02-26;2018-02-23;2018-06-26;13200.0;;EUR;13200.0;2018-06-26;;;0.0;2025-04-24 15:59:53.917368;2025-04-24 15:59:53.917368;INVALID
XY;50;2024-10-31;a5a6ca8b9xya6ca8b9c2z;SYS;708;2993.65;2020-02-18;2019-10-03;2019-09-18;2019-12-20;27163.0;;EUR;27189.35;2019-12-22;;;0.0;2025-04-24 15:59:53.917368;2025-04-24 15:59:53.917368;INVALID
XY;50;2024-10-31;add545040xyd545040e2z;SYS;708;0.0;2018-02-28;2017-10-24;;;;;EUR;5519.02;2018-02-28;;;0.0;2025-04-24 15:59:53.917368;2025-04-24 15:59:53.917368;INVALID
XY;50;2024-10-31;ae24e9f86xy24e9f86aez;SYS;708;0.0;2024-05-13;2019-07-31;;;;;EUR;4266.0;2024-05-13;;;0.0;2025-04-24 15:59:53.917368;2025-04-24 15:59:53.917368;INVALID
